Post ID,Platform,Post Date,Content Type,Impressions,Reach,Likes,Comments,Shares,Engagement Rate %,Engagement Rate,Content Type,Total Shares,Engagement Rate
POST-60001,Facebook,01/28/2025,Text,"24,500","7,733",383,68,188,8.26%,2.61%,Text,13094,0.02608163265
POST-60002,Instagram,10/29/2025,Image,"23,105","11,753",298,61,69,3.64%,1.85%,Image,18617,0.01852412898
POST-60003,Twitter,05/21/2024,Video,"24,700","14,185",168,54,238,3.24%,1.86%,Video,440197,0.01862348178
POST-60004,TikTok,06/27/2025,Video,"400,879","188,271","5,974","2,084","6,006",7.47%,3.51%,Reel,444520,0.03508290532
POST-60005,Instagram,04/15/2024,Video,"13,259","5,637",352,61,8,7.47%,3.18%,Carousel,25182,0.0317520175
POST-60006,Instagram,03/21/2024,Image,"6,469","3,790",205,10,13,6.02%,3.52%,,,
POST-60007,Instagram,08/26/2025,Reel,"35,618","19,926",667,236,182,5.45%,3.05%,winner,Reel,
POST-60008,LinkedIn,07/04/2024,Text,"9,468","4,910",173,67,20,5.30%,2.75%,,,
POST-60009,Instagram,01/29/2024,Reel,"99,396","75,092","5,314",887,706,9.20%,6.95%,,,
POST-60010,TikTok,09/15/2024,Reel,"27,570","16,102","1,791",337,297,15.06%,8.80%,,,
POST-60011,Facebook,08/26/2024,Video,"49,204","23,651",804,381,677,7.87%,3.78%,,,
POST-60012,TikTok,02/08/2024,Video,"491,623","208,356","20,614","3,190","7,463",15.01%,6.36%,,,
POST-60013,Instagram,04/29/2024,Carousel,"64,155","29,632","1,109",285,145,5.19%,2.40%,,,
POST-60014,Instagram,12/07/2024,Carousel,"28,492","15,059",332,141,89,3.73%,1.97%,,,
POST-60015,Instagram,09/11/2024,Video,"10,536","6,800",151,35,32,3.21%,2.07%,,,
POST-60016,LinkedIn,12/22/2025,Text,"18,688","11,271",652,106,143,7.99%,4.82%,,,
POST-60017,Facebook,03/25/2024,Carousel,"21,204","13,712",177,179,269,4.56%,2.95%,,,
POST-60018,Instagram,09/18/2025,Image,"28,864","14,737",703,146,68,6.22%,3.18%,,,
POST-60019,Instagram,08/07/2024,Image,"46,840","31,199","1,992",297,285,8.25%,5.50%,,,
POST-60020,Facebook,07/23/2025,Text,"1,778",615,27,6,9,6.83%,2.36%,,,
POST-60021,TikTok,04/23/2025,Reel,"156,565","91,504","7,976","1,007","2,374",12.41%,7.25%,,,
POST-60022,Facebook,08/30/2024,Carousel,"24,262","14,375",505,155,275,6.50%,3.85%,,,
POST-60023,LinkedIn,11/07/2025,Text,"6,057","4,215",74,65,43,4.32%,3.00%,,,
POST-60024,Facebook,11/15/2025,Text,"28,124","17,131",645,158,506,7.64%,4.65%,,,
POST-60025,LinkedIn,10/14/2024,Image,"17,059","11,269",423,68,34,4.66%,3.08%,,,
POST-60026,Twitter,09/09/2025,Text,"5,218","3,851",42,14,46,2.65%,1.95%,,,
POST-60027,TikTok,01/20/2024,Reel,"343,265","129,653","5,453",924,"4,580",8.45%,3.19%,,,
POST-60028,TikTok,01/20/2024,Video,"272,700","129,585","15,140","1,162","5,661",16.95%,8.05%,,,
POST-60029,Instagram,07/18/2025,Image,"3,041","1,504",44,5,5,3.59%,1.78%,,,
POST-60030,TikTok,11/04/2024,Video,"458,030","177,152","5,638","1,481","8,257",8.68%,3.36%,,,
POST-60031,Instagram,09/25/2025,Image,"35,777","21,884",534,93,46,3.08%,1.88%,,,
POST-60032,Facebook,07/01/2025,Text,"15,233","10,461",106,82,289,4.56%,3.13%,,,
POST-60033,Facebook,11/10/2024,Video,"47,861","33,077",457,612,666,5.25%,3.63%,,,
POST-60034,LinkedIn,12/16/2024,Video,"31,340","20,034",370,402,184,4.77%,3.05%,,,
POST-60035,Instagram,12/22/2025,Image,"39,118","25,411",830,287,240,5.34%,3.47%,,,
POST-60036,TikTok,04/13/2025,Reel,"24,021","8,915","1,051",243,176,16.49%,6.12%,,,
POST-60037,TikTok,05/19/2025,Reel,"366,792","130,891","14,527","2,483","3,148",15.40%,5.50%,,,
POST-60038,TikTok,09/28/2024,Video,"326,182","168,420","17,736","4,345","7,499",17.56%,9.07%,,,
POST-60039,LinkedIn,03/22/2025,Carousel,735,520,21,3,6,5.77%,4.08%,,,
POST-60040,TikTok,02/02/2025,Reel,"397,172","241,369","19,478","5,480","7,454",13.43%,8.16%,,,
POST-60041,Twitter,01/03/2025,Text,"22,792","13,157",279,61,86,3.24%,1.87%,,,
POST-60042,Facebook,11/30/2025,Image,"22,661","9,101",303,110,175,6.46%,2.59%,,,
POST-60043,Facebook,11/04/2025,Video,"55,310","30,993",966,175,514,5.34%,2.99%,,,
POST-60044,Instagram,02/25/2025,Video,"105,049","62,960","3,277",753,200,6.72%,4.03%,,,
POST-60045,Instagram,07/13/2025,Video,"29,553","16,717","1,298",96,129,9.11%,5.15%,,,
POST-60046,Twitter,10/23/2024,Video,"58,726","49,490",634,70,706,2.85%,2.40%,,,
POST-60047,TikTok,11/11/2025,Reel,"117,780","53,877","4,497",412,"1,324",11.57%,5.29%,,,
POST-60048,TikTok,12/03/2024,Reel,"457,636","222,209","17,827","2,665","9,391",13.45%,6.53%,,,
POST-60049,Twitter,09/17/2025,Image,"13,316","10,584",223,53,99,3.54%,2.82%,,,
POST-60050,LinkedIn,10/09/2025,Image,"8,646","6,027",352,138,88,9.59%,6.69%,,,
POST-60051,Instagram,07/29/2025,Image,"13,675","7,920",168,41,8,2.74%,1.59%,,,
POST-60052,Twitter,06/02/2024,Video,"48,287","41,966",528,282,724,3.66%,3.18%,,,
POST-60053,Instagram,03/14/2025,Reel,"117,992","57,025","2,223",246,506,5.22%,2.52%,,,
POST-60054,TikTok,07/01/2025,Reel,"506,642","174,546","6,615","4,959","4,706",9.33%,3.21%,,,
POST-60055,Instagram,08/25/2024,Carousel,"69,218","32,641","2,526",238,142,8.90%,4.20%,,,
POST-60056,LinkedIn,05/25/2025,Carousel,"14,531","8,760",299,123,119,6.18%,3.72%,,,
POST-60057,Instagram,09/23/2025,Reel,"8,393","4,428",318,23,9,7.90%,4.17%,,,
POST-60058,Instagram,01/02/2024,Carousel,"77,758","53,039","4,006",345,272,8.72%,5.95%,,,
POST-60059,Twitter,12/15/2025,Text,"5,028","3,861",103,29,12,3.73%,2.86%,,,
POST-60060,TikTok,10/27/2025,Video,"168,937","114,463","9,826","1,326","4,902",14.03%,9.50%,,,
POST-60061,Instagram,06/15/2025,Video,"93,930","59,514","3,659",610,342,7.75%,4.91%,,,
POST-60062,Instagram,02/08/2025,Carousel,"5,838","4,002",204,10,26,6.00%,4.11%,,,
POST-60063,Instagram,07/08/2024,Carousel,"37,520","22,934","1,461",213,55,7.54%,4.61%,,,
POST-60064,TikTok,03/29/2024,Reel,"71,516","27,664","3,172",660,436,15.43%,5.97%,,,
POST-60065,TikTok,05/21/2025,Video,"299,132","161,505","7,593","4,816","6,033",11.42%,6.17%,,,
POST-60066,Twitter,11/01/2025,Text,"8,127","5,127",50,10,43,2.01%,1.27%,,,
POST-60067,TikTok,07/12/2024,Video,"407,702","147,642","12,661","1,316","6,009",13.54%,4.90%,,,
POST-60068,TikTok,01/11/2025,Reel,"535,523","341,530","38,740","3,884","4,175",13.70%,8.74%,,,
POST-60069,LinkedIn,04/16/2025,Video,"15,843","11,545",269,263,53,5.07%,3.69%,,,
POST-60070,Twitter,07/02/2025,Image,"11,965","10,699",275,46,197,4.84%,4.33%,,,
POST-60071,LinkedIn,04/06/2025,Text,"11,571","6,047",288,49,37,6.18%,3.23%,,,
POST-60072,Facebook,11/25/2024,Video,"15,181","6,189",90,103,156,5.64%,2.30%,,,
POST-60073,Facebook,01/29/2024,Carousel,"5,673","3,035",54,12,27,3.06%,1.64%,,,
POST-60074,TikTok,09/26/2024,Reel,"262,599","95,367","6,417","2,040","4,153",13.22%,4.80%,,,
POST-60075,Twitter,09/07/2024,Image,"12,143","9,572",258,64,64,4.03%,3.18%,,,
POST-60076,TikTok,09/03/2024,Reel,"358,986","121,792","12,616","1,536","3,892",14.82%,5.03%,,,
POST-60077,Facebook,04/10/2024,Image,"12,649","4,990",212,24,37,5.47%,2.16%,,,
POST-60078,Instagram,04/01/2025,Reel,"92,618","58,170","4,526",868,347,9.87%,6.20%,,,
POST-60079,Twitter,06/11/2024,Video,"49,374","41,354",251,250,595,2.65%,2.22%,,,
POST-60080,LinkedIn,01/23/2025,Video,"36,161","22,731","1,346",473,253,9.12%,5.73%,,,
POST-60081,Twitter,01/17/2024,Video,"70,967","61,447","1,623",138,"1,036",4.55%,3.94%,,,
POST-60082,Facebook,03/24/2025,Image,"21,460","12,765",573,242,64,6.89%,4.10%,,,
POST-60083,Facebook,02/25/2025,Video,"50,767","17,586",337,281,435,5.99%,2.07%,,,
POST-60084,LinkedIn,08/19/2024,Carousel,"9,624","6,496",165,56,58,4.29%,2.90%,,,
POST-60085,Twitter,12/09/2024,Video,"50,240","38,491",836,168,463,3.81%,2.92%,,,
POST-60086,Instagram,06/07/2024,Image,"17,356","10,644",477,126,65,6.28%,3.85%,,,
POST-60087,LinkedIn,08/20/2024,Text,"5,440","4,035",103,98,34,5.82%,4.32%,,,
POST-60088,Instagram,03/28/2024,Carousel,"68,920","34,748","2,339",434,36,8.08%,4.08%,,,
POST-60089,LinkedIn,08/13/2024,Text,"19,972","13,031",383,276,135,6.09%,3.98%,,,
POST-60090,TikTok,05/26/2024,Video,"108,139","43,173","3,561",848,"1,411",13.48%,5.38%,,,
POST-60091,Twitter,10/19/2024,Image,"22,108","18,514",138,80,329,2.95%,2.47%,,,
POST-60092,Facebook,06/16/2024,Text,"16,372","9,996",372,58,61,4.91%,3.00%,,,
POST-60093,Instagram,05/29/2025,Video,"108,397","45,181","2,296",626,421,7.40%,3.08%,,,
POST-60094,LinkedIn,09/13/2024,Image,"16,567","12,618",349,104,139,4.69%,3.57%,,,
POST-60095,TikTok,09/28/2024,Reel,"96,621","45,052","4,307","1,057",849,13.79%,6.43%,,,
POST-60096,TikTok,03/07/2024,Video,"296,961","112,674","12,300","3,354","3,770",17.24%,6.54%,,,
POST-60097,TikTok,07/06/2025,Video,"119,866","69,857","6,445",892,919,11.82%,6.89%,,,
POST-60098,Instagram,11/19/2024,Image,"33,648","13,791","1,062",30,110,8.72%,3.57%,,,
POST-60099,Instagram,12/11/2024,Video,"77,225","48,408","1,691",561,407,5.49%,3.44%,,,
POST-60100,Twitter,01/18/2024,Image,730,373,10,1,6,4.56%,2.33%,,,
POST-60101,TikTok,09/03/2024,Video,"302,206","106,795","4,379",816,"3,171",7.83%,2.77%,,,
POST-60102,TikTok,04/21/2025,Video,"543,651","205,850","6,711","4,743","10,070",10.46%,3.96%,,,
POST-60103,LinkedIn,06/30/2025,Image,"11,879","5,122",249,90,30,7.20%,3.11%,,,
POST-60104,Instagram,12/11/2025,Video,"42,983","19,797",673,154,68,4.52%,2.08%,,,
POST-60105,LinkedIn,07/22/2025,Video,"5,423","3,771",221,71,53,9.15%,6.36%,,,
POST-60106,Instagram,02/11/2024,Image,"27,596","16,651","1,185",71,90,8.08%,4.88%,,,
POST-60107,TikTok,12/01/2024,Video,"175,808","61,551","3,980",950,"2,381",11.88%,4.16%,,,
POST-60108,Instagram,01/20/2025,Reel,"49,085","21,307",817,259,178,5.89%,2.55%,,,
POST-60109,Instagram,09/19/2025,Video,"32,982","18,147","1,001",187,159,7.42%,4.08%,,,
POST-60110,Instagram,08/20/2024,Reel,"36,143","17,997",645,44,131,4.56%,2.27%,,,
POST-60111,Facebook,04/08/2025,Carousel,"26,260","17,369",250,343,159,4.33%,2.86%,,,
POST-60112,TikTok,09/17/2025,Reel,"380,871","249,854","26,712","4,443","10,913",16.84%,11.05%,,,
POST-60113,Facebook,05/31/2025,Text,"8,059","5,232",140,62,132,6.38%,4.14%,,,
POST-60114,Twitter,05/30/2024,Text,"5,867","4,500",57,11,73,3.13%,2.40%,,,
POST-60115,TikTok,01/25/2025,Reel,"257,439","156,287","17,587","3,960","1,772",14.92%,9.06%,,,
POST-60116,TikTok,03/31/2024,Reel,"280,763","124,724","6,383","1,762","3,138",9.05%,4.02%,,,
POST-60117,Twitter,09/01/2025,Video,"29,237","21,836",581,110,190,4.03%,3.01%,,,
POST-60118,Facebook,01/18/2024,Text,"7,249","4,321",145,56,95,6.85%,4.08%,,,
POST-60119,LinkedIn,06/24/2024,Carousel,424,266,11,2,3,6.02%,3.77%,,,
POST-60120,TikTok,02/03/2025,Video,"291,125","91,396","4,316","1,826","1,395",8.25%,2.59%,,,
POST-60121,Facebook,03/15/2024,Image,"21,641","12,865",370,188,233,6.15%,3.66%,,,
POST-60122,Facebook,12/17/2024,Text,"20,634","13,640",631,183,195,7.40%,4.89%,,,
POST-60123,TikTok,08/03/2024,Reel,"75,797","46,050","5,250",887,628,14.69%,8.93%,,,
POST-60124,Instagram,11/19/2024,Carousel,"68,263","30,619","1,958",353,216,8.25%,3.70%,,,
POST-60125,Twitter,03/07/2024,Image,"11,209","9,067",126,19,107,2.78%,2.25%,,,
POST-60126,TikTok,12/17/2024,Video,"23,196","7,460",333,134,295,10.21%,3.29%,,,
POST-60127,Instagram,12/07/2024,Reel,"94,201","59,848","4,419",348,219,8.33%,5.29%,,,
POST-60128,TikTok,08/21/2025,Video,"367,485","118,114","13,007","2,010","5,699",17.54%,5.64%,,,
POST-60129,Facebook,06/01/2024,Video,"29,086","14,164",381,114,211,4.98%,2.43%,,,
POST-60130,TikTok,06/22/2025,Reel,"340,086","198,003","13,799","1,575","5,883",10.74%,6.25%,,,
POST-60131,LinkedIn,09/07/2024,Video,"32,142","17,934",817,213,215,6.94%,3.87%,,,
POST-60132,TikTok,02/23/2024,Reel,"30,650","14,347",899,289,194,9.63%,4.51%,,,
POST-60133,Facebook,05/03/2024,Carousel,"27,037","9,717",154,146,220,5.35%,1.92%,,,
POST-60134,Instagram,03/18/2025,Carousel,"23,100","10,566",602,136,26,7.23%,3.31%,,,
POST-60135,Instagram,12/24/2024,Reel,"16,363","9,124",429,91,81,6.59%,3.67%,,,
POST-60136,TikTok,12/13/2025,Video,"93,162","41,278","2,618",802,"1,648",12.28%,5.44%,,,
POST-60137,Instagram,10/06/2024,Video,"75,048","35,482","1,561",466,297,6.55%,3.10%,,,
POST-60138,Instagram,06/10/2025,Carousel,"44,099","33,605","2,363",226,217,8.35%,6.36%,,,
POST-60139,TikTok,06/29/2024,Reel,"239,851","124,623","9,500","1,981","4,114",12.51%,6.50%,,,
POST-60140,Twitter,09/09/2024,Image,"18,718","16,040",189,56,137,2.38%,2.04%,,,
POST-60141,Instagram,12/30/2024,Carousel,"22,710","16,442",899,209,93,7.30%,5.29%,,,
POST-60142,TikTok,06/27/2025,Video,"334,929","222,057","14,562","6,577","7,722",13.00%,8.62%,,,
POST-60143,TikTok,06/14/2024,Video,"116,642","66,958","3,056","1,891","2,501",11.12%,6.39%,,,
POST-60144,TikTok,01/24/2025,Reel,"343,312","126,762","4,561","2,281","3,281",7.99%,2.95%,,,
POST-60145,Twitter,07/20/2025,Text,"15,197","10,245",111,65,105,2.74%,1.85%,,,
POST-60146,TikTok,04/07/2025,Video,"293,856","123,520","6,174","1,311","1,917",7.61%,3.20%,,,
POST-60147,Instagram,12/26/2024,Video,"5,511","2,621",175,25,9,7.97%,3.79%,,,
POST-60148,Facebook,08/07/2025,Image,"27,066","18,125",364,293,456,6.14%,4.11%,,,
POST-60149,Facebook,12/11/2025,Video,"19,890","12,829",147,175,230,4.30%,2.78%,,,
POST-60150,Facebook,06/24/2024,Image,"25,081","8,094",155,161,189,6.24%,2.01%,,,
POST-60151,Instagram,07/21/2024,Reel,"104,239","49,276","2,773",500,483,7.62%,3.60%,,,
POST-60152,TikTok,12/17/2024,Reel,"384,927","135,945","7,052","2,759","4,351",10.42%,3.68%,,,
POST-60153,Facebook,11/15/2025,Video,"20,119","13,193",271,254,155,5.15%,3.38%,,,
POST-60154,LinkedIn,08/29/2025,Text,"3,246","1,680",39,16,14,4.11%,2.13%,,,
POST-60155,TikTok,07/16/2024,Reel,"30,091","18,661","1,810",174,701,14.39%,8.92%,,,
POST-60156,LinkedIn,09/20/2025,Text,"11,667","9,170",448,211,67,7.92%,6.22%,,,
POST-60157,TikTok,05/01/2025,Video,"194,808","132,787","13,497","2,076","2,239",13.41%,9.14%,,,
POST-60158,TikTok,08/27/2025,Video,"408,495","221,297","8,945","1,490","6,381",7.60%,4.12%,,,
POST-60159,Instagram,05/07/2024,Reel,"26,303","16,607","1,319",207,60,9.55%,6.03%,,,
POST-60160,LinkedIn,06/27/2024,Carousel,"11,727","5,198",254,119,37,7.89%,3.50%,,,
POST-60161,Twitter,12/04/2025,Image,471,276,7,0,4,3.99%,2.34%,,,
POST-60162,LinkedIn,01/01/2024,Carousel,"20,026","11,416",469,208,165,7.38%,4.20%,,,
POST-60163,Instagram,08/25/2025,Image,"20,181","15,435",573,160,74,5.23%,4.00%,,,
POST-60164,Instagram,04/07/2024,Carousel,"36,009","28,102","1,365",80,71,5.39%,4.21%,,,
POST-60165,LinkedIn,04/25/2024,Video,"10,578","6,946",278,44,34,5.13%,3.37%,,,
POST-60166,Instagram,05/06/2025,Video,"48,103","24,178","1,342",354,139,7.59%,3.81%,,,
POST-60167,Twitter,12/10/2025,Video,"14,655","13,078",388,44,81,3.92%,3.50%,,,
POST-60168,TikTok,01/08/2025,Reel,"93,884","52,756","2,125",990,867,7.55%,4.24%,,,
POST-60169,Instagram,10/08/2024,Carousel,"45,076","24,828","1,520",249,162,7.78%,4.28%,,,
POST-60170,Twitter,03/27/2024,Video,"35,635","27,103",465,39,100,2.23%,1.69%,,,
POST-60171,Instagram,10/10/2024,Image,"15,434","11,400",714,76,13,7.04%,5.20%,,,
POST-60172,Facebook,05/13/2024,Image,"21,321","12,342",176,153,231,4.54%,2.63%,,,
POST-60173,Facebook,10/30/2025,Video,"22,187","9,633",204,37,93,3.47%,1.51%,,,
POST-60174,Twitter,02/19/2025,Image,"9,378","7,167",190,7,96,4.09%,3.12%,,,
POST-60175,Instagram,07/08/2025,Carousel,"44,531","34,397","1,578",81,227,5.48%,4.24%,,,
POST-60176,LinkedIn,09/07/2024,Image,"1,833","1,213",42,12,13,5.52%,3.66%,,,
POST-60177,TikTok,04/29/2025,Video,"163,262","69,262","4,425","1,354","2,216",11.54%,4.90%,,,
POST-60178,LinkedIn,11/05/2025,Image,"10,011","7,004",264,137,44,6.35%,4.45%,,,
POST-60179,Twitter,03/10/2025,Text,"6,937","4,808",91,22,73,3.87%,2.68%,,,
POST-60180,Instagram,11/27/2025,Carousel,"13,744","6,665",229,76,38,5.15%,2.50%,,,
POST-60181,Instagram,06/07/2025,Video,"109,761","67,645","2,000",322,89,3.56%,2.20%,,,
POST-60182,Facebook,08/21/2024,Text,"19,511","5,968",204,25,111,5.70%,1.74%,,,
POST-60183,Instagram,03/06/2024,Reel,"44,075","26,842",936,58,224,4.54%,2.76%,,,
POST-60184,TikTok,07/01/2025,Reel,"430,687","221,165","19,145","1,539","8,164",13.04%,6.70%,,,
POST-60185,TikTok,02/26/2024,Video,"180,438","122,609","11,422","3,176","4,525",15.60%,10.60%,,,
POST-60186,LinkedIn,01/18/2025,Text,"14,797","8,621",192,168,35,4.58%,2.67%,,,
POST-60187,TikTok,01/17/2024,Video,"69,757","40,862","3,206","1,150","1,599",14.57%,8.54%,,,
POST-60188,Instagram,05/24/2025,Video,"38,300","28,274",777,327,100,4.26%,3.14%,,,
POST-60189,Instagram,05/09/2025,Video,"81,586","63,381","4,259",802,173,8.26%,6.42%,,,
POST-60190,TikTok,07/15/2024,Video,"97,177","52,716","5,662",309,"1,859",14.85%,8.06%,,,
POST-60191,LinkedIn,10/05/2025,Video,"18,258","9,480",373,131,52,5.86%,3.05%,,,
POST-60192,TikTok,11/08/2025,Reel,"157,187","56,359","4,523","1,286","2,163",14.15%,5.07%,,,
POST-60193,LinkedIn,05/13/2024,Text,"8,356","3,947",209,94,34,8.54%,4.03%,,,
POST-60194,Instagram,08/27/2024,Image,"34,583","25,017","1,675",194,169,8.15%,5.89%,,,
POST-60195,Instagram,10/22/2024,Carousel,"36,439","25,902","1,663",143,169,7.62%,5.42%,,,
POST-60196,Instagram,02/01/2025,Carousel,"50,268","32,640","1,559",313,34,5.84%,3.79%,,,
POST-60197,TikTok,07/03/2025,Video,"185,050","80,995","6,766","1,185","3,765",14.47%,6.33%,,,
POST-60198,TikTok,11/20/2024,Reel,"8,500","3,932",269,68,68,10.30%,4.76%,,,
POST-60199,TikTok,03/19/2024,Reel,"91,908","52,531","3,626","1,542",682,11.14%,6.37%,,,
POST-60200,TikTok,11/25/2024,Reel,"413,749","151,849","8,225","3,789","6,535",12.22%,4.48%,,,
POST-60201,TikTok,06/29/2025,Reel,"9,232","5,820",537,83,63,11.74%,7.40%,,,
POST-60202,LinkedIn,12/10/2024,Image,"11,698","6,309",309,75,89,7.50%,4.04%,,,
POST-60203,TikTok,07/28/2025,Reel,"224,484","155,989","12,346",838,"2,127",9.82%,6.82%,,,
POST-60204,TikTok,12/13/2025,Reel,"199,572","69,186","2,368",369,841,5.17%,1.79%,,,
POST-60205,LinkedIn,01/16/2025,Text,"4,192","2,166",35,19,15,3.19%,1.65%,,,
POST-60206,Twitter,08/28/2025,Image,411,283,2,2,4,2.83%,1.95%,,,
POST-60207,TikTok,01/22/2024,Video,"317,455","177,637","10,516","4,747","5,219",11.53%,6.45%,,,
POST-60208,Twitter,06/25/2024,Text,"23,747","13,149",283,76,215,4.37%,2.42%,,,
POST-60209,TikTok,12/16/2025,Video,"272,386","146,612","6,631","1,981","1,699",7.03%,3.79%,,,
POST-60210,Instagram,08/10/2024,Carousel,"20,635","14,246",412,41,94,3.84%,2.65%,,,
POST-60211,TikTok,05/10/2024,Video,"512,834","214,531","20,672","2,667","9,009",15.08%,6.31%,,,
POST-60212,Instagram,04/10/2024,Video,"81,281","55,901","3,726",831,268,8.63%,5.94%,,,
POST-60213,LinkedIn,06/09/2025,Image,"9,256","6,568",314,111,79,7.67%,5.45%,,,
POST-60214,LinkedIn,08/21/2024,Image,"19,703","15,340",703,148,216,6.96%,5.42%,,,
POST-60215,Instagram,08/07/2025,Carousel,"55,527","38,154","2,627",441,77,8.24%,5.66%,,,
POST-60216,Instagram,10/11/2025,Image,"2,387","1,855",38,17,11,3.56%,2.76%,,,
POST-60217,Instagram,02/08/2024,Video,"84,477","42,276","1,552",374,331,5.34%,2.67%,,,
POST-60218,Instagram,01/21/2024,Video,"21,725","10,248",233,103,87,4.13%,1.95%,,,
POST-60219,LinkedIn,10/19/2024,Video,"19,152","8,690",181,50,69,3.45%,1.57%,,,
POST-60220,Instagram,12/01/2024,Reel,"69,366","28,833",797,111,260,4.05%,1.68%,,,
POST-60221,TikTok,12/23/2025,Video,"309,128","121,115","6,789","2,965","5,670",12.74%,4.99%,,,
POST-60222,Instagram,08/15/2025,Carousel,"35,463","16,917",948,107,99,6.82%,3.25%,,,
POST-60223,TikTok,07/29/2024,Reel,"346,346","130,370","12,843","1,781","5,513",15.45%,5.81%,,,
POST-60224,Facebook,11/03/2024,Image,"1,243",485,24,9,9,8.66%,3.38%,,,
POST-60225,TikTok,03/08/2024,Reel,"67,913","33,045","2,727",402,"1,198",13.09%,6.37%,,,
POST-60226,Instagram,11/14/2024,Image,"22,677","15,868",334,211,112,4.14%,2.90%,,,
POST-60227,Instagram,05/07/2024,Reel,"69,409","48,074","1,798",526,444,5.76%,3.99%,,,
POST-60228,Instagram,09/28/2025,Reel,"84,665","39,276","2,976",361,291,9.24%,4.29%,,,
POST-60229,Instagram,09/29/2024,Video,"69,804","44,744","2,608",114,104,6.32%,4.05%,,,
POST-60230,LinkedIn,12/12/2025,Image,"12,708","7,249",182,120,98,5.52%,3.15%,,,
POST-60231,Instagram,06/14/2025,Reel,"25,969","19,451","1,525",137,120,9.16%,6.86%,,,
POST-60232,Facebook,01/02/2024,Text,"24,835","13,405",446,139,131,5.34%,2.88%,,,
POST-60233,Instagram,10/06/2025,Video,"69,623","43,901","2,257",589,45,6.59%,4.15%,,,
POST-60234,Instagram,02/03/2025,Carousel,"36,545","18,868",832,167,73,5.68%,2.93%,,,
POST-60235,Facebook,03/18/2025,Video,"12,513","4,472",199,36,127,8.09%,2.89%,,,
POST-60236,Facebook,01/14/2024,Carousel,"33,475","17,487",781,61,302,6.54%,3.42%,,,
POST-60237,Facebook,12/29/2024,Carousel,"32,149","17,932",199,219,496,5.10%,2.84%,,,
POST-60238,Facebook,07/27/2025,Video,"59,311","38,645","1,427",178,"1,097",6.99%,4.56%,,,
POST-60239,Twitter,03/18/2025,Image,"6,650","4,450",88,29,30,3.30%,2.21%,,,
POST-60240,Facebook,05/14/2025,Carousel,"1,657","1,073",37,10,23,6.52%,4.22%,,,
POST-60241,TikTok,06/02/2024,Video,"108,505","70,144","2,978","1,107","2,855",9.89%,6.40%,,,
POST-60242,Instagram,06/22/2024,Carousel,"51,565","36,906","2,329",388,296,8.16%,5.84%,,,
POST-60243,TikTok,12/07/2025,Video,"178,037","88,521","6,409","1,924","3,605",13.49%,6.71%,,,
POST-60244,TikTok,01/13/2024,Reel,"113,603","66,263","2,835","1,732","2,443",10.58%,6.17%,,,
POST-60245,TikTok,02/20/2025,Video,"412,062","210,624","18,048","5,421","5,811",13.90%,7.11%,,,
POST-60246,TikTok,11/11/2025,Reel,"167,258","105,559","7,139","1,753","3,165",11.42%,7.21%,,,
POST-60247,Facebook,05/22/2024,Image,"8,453","2,744",70,52,61,6.67%,2.16%,,,
POST-60248,Facebook,03/25/2024,Image,"11,670","7,549",83,121,183,5.13%,3.32%,,,
POST-60249,Instagram,03/06/2024,Reel,"50,804","33,333","1,967",113,54,6.40%,4.20%,,,
POST-60250,Twitter,03/10/2024,Text,"19,570","15,268",93,58,43,1.27%,0.99%,,,
POST-60251,Instagram,10/30/2025,Reel,"25,198","11,732",764,64,115,8.04%,3.74%,,,
POST-60252,LinkedIn,05/20/2025,Carousel,"1,247",713,24,16,6,6.45%,3.69%,,,
POST-60253,Instagram,09/30/2025,Carousel,"46,649","19,555","1,372",213,143,8.84%,3.70%,,,
POST-60254,Instagram,08/19/2025,Image,"35,125","22,571","1,746",128,225,9.30%,5.98%,,,
POST-60255,TikTok,08/25/2024,Reel,"11,249","7,065",364,173,155,9.79%,6.15%,,,
POST-60256,Facebook,11/03/2025,Text,"24,441","10,879",337,202,75,5.64%,2.51%,,,
POST-60257,LinkedIn,09/29/2025,Video,"2,648","1,347",49,14,17,5.94%,3.02%,,,
POST-60258,Facebook,10/10/2024,Text,"8,413","5,885",210,45,95,5.95%,4.16%,,,
POST-60259,Instagram,07/18/2024,Reel,"87,465","46,191","2,314",107,330,5.96%,3.15%,,,
POST-60260,TikTok,10/30/2024,Video,"238,988","75,452","6,979","1,303","1,839",13.41%,4.23%,,,
POST-60261,LinkedIn,01/28/2025,Image,"10,739","6,660",385,43,74,7.54%,4.67%,,,
POST-60262,Instagram,03/14/2025,Image,"13,057","9,506",650,89,25,8.04%,5.85%,,,
POST-60263,Facebook,12/09/2025,Image,"27,725","17,999",349,231,427,5.59%,3.63%,,,
POST-60264,Instagram,03/14/2025,Carousel,"57,682","44,434","1,003",262,289,3.50%,2.69%,,,
POST-60265,Twitter,07/03/2024,Video,"17,139","9,843",52,36,177,2.69%,1.55%,,,
POST-60266,TikTok,06/09/2025,Reel,"189,115","82,786","9,495",717,"2,947",15.90%,6.96%,,,
POST-60267,Instagram,07/27/2024,Image,"44,207","32,862",803,386,318,4.59%,3.41%,,,
POST-60268,Twitter,05/15/2025,Text,"15,615","13,350",146,15,260,3.15%,2.70%,,,
POST-60269,LinkedIn,04/27/2024,Image,"14,552","11,582",469,154,139,6.58%,5.24%,,,
POST-60270,Facebook,07/25/2025,Image,"3,215","1,257",34,3,16,4.22%,1.65%,,,
POST-60271,Twitter,01/03/2024,Image,"22,166","13,317",280,50,213,4.08%,2.45%,,,
POST-60272,TikTok,08/25/2025,Reel,"115,946","37,187","3,976",509,"1,040",14.86%,4.77%,,,
POST-60273,Twitter,12/05/2024,Video,"49,795","40,622",928,63,119,2.73%,2.23%,,,
POST-60274,Facebook,11/15/2025,Image,"21,275","11,159",223,149,244,5.52%,2.90%,,,
POST-60275,TikTok,10/14/2025,Video,"249,153","111,826","9,278","2,328","2,336",12.47%,5.60%,,,
POST-60276,TikTok,02/04/2024,Reel,"479,116","244,474","29,116","1,302","5,281",14.60%,7.45%,,,
POST-60277,Facebook,06/22/2024,Carousel,"1,917",751,26,4,15,5.99%,2.35%,,,
POST-60278,LinkedIn,04/04/2025,Text,"14,624","7,922",238,76,99,5.21%,2.82%,,,
POST-60279,TikTok,03/22/2025,Video,"171,936","96,477","4,349","2,652","1,481",8.79%,4.93%,,,
POST-60280,TikTok,03/31/2024,Reel,"267,265","129,762","4,658","3,705","1,986",7.98%,3.87%,,,
POST-60281,Facebook,11/26/2025,Carousel,"15,655","8,593",328,153,116,6.95%,3.81%,,,
POST-60282,Facebook,12/07/2024,Video,"50,893","32,443",580,105,827,4.66%,2.97%,,,
POST-60283,TikTok,08/08/2024,Video,"124,057","43,671","5,159",598,"1,119",15.75%,5.54%,,,
POST-60284,TikTok,09/15/2024,Reel,"317,606","204,299","6,349","5,077","3,835",7.47%,4.81%,,,
POST-60285,TikTok,08/17/2024,Reel,"130,990","74,173","7,846",583,"1,506",13.39%,7.58%,,,
POST-60286,Instagram,02/23/2024,Video,"19,221","8,063",629,38,17,8.48%,3.56%,,,
POST-60287,Instagram,06/11/2024,Video,"48,127","28,544",692,260,141,3.83%,2.27%,,,
POST-60288,Facebook,09/29/2024,Carousel,"20,600","7,910",300,120,167,7.42%,2.85%,,,
POST-60289,TikTok,03/25/2024,Reel,"267,250","160,414","16,606","2,210","6,744",15.93%,9.56%,,,
POST-60290,Twitter,12/09/2025,Video,"65,898","58,771",667,59,"1,074",3.06%,2.73%,,,
POST-60291,TikTok,07/13/2024,Reel,"162,631","81,462","9,603","1,326","1,988",15.86%,7.94%,,,
POST-60292,TikTok,03/18/2025,Video,"335,925","206,102","22,794","4,283","6,109",16.10%,9.88%,,,
POST-60293,TikTok,04/19/2025,Reel,"327,720","113,540","10,924","1,235","2,980",13.33%,4.62%,,,
POST-60294,TikTok,08/25/2024,Video,"264,001","115,285","4,168","2,054","4,790",9.55%,4.17%,,,
POST-60295,LinkedIn,02/03/2024,Text,"8,569","5,583",211,114,20,6.18%,4.03%,,,
POST-60296,TikTok,05/24/2025,Reel,"234,440","94,642","4,690","1,249","1,602",7.97%,3.22%,,,
POST-60297,Instagram,10/10/2025,Video,"21,886","12,065",810,125,31,8.01%,4.41%,,,
POST-60298,Instagram,04/15/2024,Carousel,"46,055","30,899",925,408,128,4.73%,3.17%,,,
POST-60299,LinkedIn,02/14/2024,Video,"32,987","20,391",898,496,105,7.35%,4.54%,,,
POST-60300,Instagram,09/19/2024,Image,"19,452","12,056",928,152,26,9.17%,5.69%,,,
POST-60301,Facebook,01/06/2024,Video,"39,173","14,507",674,179,428,8.83%,3.27%,,,
POST-60302,Twitter,12/25/2025,Video,"7,902","6,279",145,34,106,4.54%,3.61%,,,
POST-60303,TikTok,07/18/2025,Video,"179,612","121,236","13,155","2,428","1,907",14.43%,9.74%,,,
POST-60304,LinkedIn,12/07/2025,Image,"13,777","10,680",458,101,126,6.41%,4.97%,,,
POST-60305,Instagram,01/28/2024,Video,"21,373","11,115",472,31,34,4.83%,2.51%,,,
POST-60306,Facebook,02/24/2025,Video,"17,863","6,969",286,48,141,6.82%,2.66%,,,
POST-60307,Twitter,08/04/2024,Image,805,681,13,0,12,3.67%,3.11%,,,
POST-60308,Facebook,02/24/2024,Text,"22,335","7,481",117,51,202,4.95%,1.66%,,,
POST-60309,LinkedIn,01/30/2024,Video,"21,766","17,113",572,249,239,6.19%,4.87%,,,
POST-60310,TikTok,12/12/2025,Reel,"221,514","79,009","4,522",723,"3,424",10.97%,3.91%,,,
POST-60311,TikTok,04/21/2024,Video,"486,111","244,556","28,634","6,389","6,666",17.05%,8.58%,,,
POST-60312,Instagram,10/16/2024,Reel,"25,657","12,582",378,143,70,4.70%,2.30%,,,
POST-60313,TikTok,10/25/2025,Reel,"217,580","151,146","8,855","3,232","3,214",10.12%,7.03%,,,
POST-60314,Instagram,11/11/2024,Carousel,"34,200","16,557",538,120,128,4.75%,2.30%,,,
POST-60315,Facebook,01/12/2025,Image,"3,795","1,430",25,17,35,5.38%,2.03%,,,
POST-60316,Instagram,09/21/2024,Reel,"94,750","68,512","2,924",257,590,5.50%,3.98%,,,
POST-60317,TikTok,04/16/2025,Reel,"306,186","114,749","11,613","2,656","1,592",13.82%,5.18%,,,
POST-60318,Twitter,12/23/2024,Text,"13,381","11,208",181,44,92,2.83%,2.37%,,,
POST-60319,Twitter,07/22/2024,Text,"4,088","2,737",22,14,35,2.59%,1.74%,,,
POST-60320,TikTok,02/05/2025,Video,"5,598","3,682",386,49,103,14.61%,9.61%,,,
POST-60321,TikTok,04/15/2025,Video,"306,705","134,992","9,568","3,423","4,805",13.18%,5.80%,,,
POST-60322,LinkedIn,09/15/2025,Video,"30,792","12,851",505,316,165,7.67%,3.20%,,,
POST-60323,Instagram,03/30/2025,Reel,"73,153","56,905","1,484",708,160,4.13%,3.22%,,,
POST-60324,Facebook,11/28/2024,Image,"10,732","3,373",123,36,44,6.02%,1.89%,,,
POST-60325,Instagram,09/11/2024,Video,"93,195","60,976","3,788",358,80,6.93%,4.53%,,,
POST-60326,LinkedIn,04/04/2024,Image,"17,412","7,956",294,74,45,5.19%,2.37%,,,
POST-60327,Instagram,03/17/2025,Carousel,"25,766","17,472",398,35,33,2.67%,1.81%,,,
POST-60328,LinkedIn,04/05/2025,Carousel,"21,648","14,255",236,212,114,3.94%,2.60%,,,
POST-60329,Facebook,10/08/2025,Carousel,"19,688","9,234",144,38,143,3.52%,1.65%,,,
POST-60330,Facebook,11/21/2025,Text,"8,513","5,731",225,19,32,4.82%,3.24%,,,
POST-60331,TikTok,10/26/2024,Reel,"316,751","111,513","8,271","2,148","5,564",14.33%,5.05%,,,
POST-60332,LinkedIn,11/06/2024,Text,"10,552","7,876",129,174,50,4.48%,3.35%,,,
POST-60333,LinkedIn,11/12/2025,Carousel,"19,145","14,594",481,185,191,5.87%,4.48%,,,
POST-60334,Facebook,04/17/2024,Carousel,"9,138","4,166",199,16,57,6.53%,2.98%,,,
POST-60335,Facebook,08/20/2025,Carousel,"11,044","5,138",96,25,126,4.81%,2.24%,,,
POST-60336,Twitter,09/09/2025,Text,"12,620","6,694",170,35,66,4.05%,2.15%,,,
POST-60337,TikTok,10/18/2025,Video,"247,191","128,198","5,433","2,339","2,598",8.09%,4.20%,,,
POST-60338,LinkedIn,10/22/2025,Carousel,"31,709","25,229","1,330",383,261,7.82%,6.23%,,,
POST-60339,Facebook,06/09/2024,Text,"29,217","17,521",533,125,231,5.07%,3.04%,,,
POST-60340,Instagram,03/28/2025,Image,"8,066","4,863",215,20,17,5.18%,3.12%,,,
POST-60341,TikTok,12/11/2025,Video,"264,047","81,476","3,479",618,"2,604",8.22%,2.54%,,,
POST-60342,LinkedIn,11/14/2024,Image,"13,164","10,464",408,208,78,6.63%,5.27%,,,
POST-60343,TikTok,05/07/2025,Reel,"56,416","35,535","3,399","1,056","1,427",16.55%,10.43%,,,
POST-60344,Facebook,04/08/2024,Image,"28,841","15,199",437,62,345,5.55%,2.93%,,,
POST-60345,TikTok,02/15/2025,Reel,"214,985","119,268","6,728","1,472","5,666",11.63%,6.45%,,,
POST-60346,Facebook,04/28/2024,Carousel,"31,504","10,696",231,128,219,5.40%,1.83%,,,
POST-60347,TikTok,06/26/2024,Reel,"102,103","54,662","2,050",308,"1,227",6.56%,3.51%,,,
POST-60348,Twitter,10/12/2025,Text,"19,717","14,350",404,78,69,3.84%,2.79%,,,
POST-60349,Instagram,09/10/2024,Carousel,"7,459","4,885",118,27,33,3.64%,2.39%,,,
POST-60350,Twitter,03/06/2025,Image,"22,811","18,298",108,101,201,2.24%,1.80%,,,
POST-60351,Instagram,01/04/2025,Carousel,"73,989","54,712","1,906",183,526,4.78%,3.53%,,,
POST-60352,LinkedIn,02/23/2025,Video,"2,343","1,773",62,23,8,5.25%,3.97%,,,
POST-60353,Instagram,06/06/2025,Carousel,"66,048","36,305","1,924",108,339,6.53%,3.59%,,,
POST-60354,Instagram,05/07/2024,Carousel,"27,305","17,772",659,261,143,5.98%,3.89%,,,
POST-60355,TikTok,10/13/2024,Video,"361,953","125,768","4,600","3,755","4,516",10.23%,3.56%,,,
POST-60356,TikTok,09/20/2025,Video,"263,357","95,152","2,884","2,099","2,917",8.30%,3.00%,,,
POST-60357,Instagram,04/24/2024,Image,"23,966","17,467",901,248,73,7.00%,5.10%,,,
POST-60358,Instagram,03/13/2024,Carousel,"52,418","25,581",572,122,122,3.19%,1.56%,,,
POST-60359,Facebook,01/06/2024,Carousel,"31,576","10,027",190,74,116,3.79%,1.20%,,,
POST-60360,Instagram,10/02/2025,Reel,"87,496","66,728","2,518",635,565,5.57%,4.25%,,,
POST-60361,Instagram,10/17/2025,Reel,"43,720","34,730",779,414,346,4.43%,3.52%,,,
POST-60362,LinkedIn,12/23/2024,Image,"12,715","7,180",301,39,79,5.84%,3.30%,,,
POST-60363,TikTok,08/09/2024,Reel,"432,919","263,375","29,207","5,184","12,263",17.71%,10.78%,,,
POST-60364,Facebook,11/25/2025,Image,"18,210","9,939",359,152,64,5.79%,3.16%,,,
POST-60365,Facebook,07/12/2025,Image,"2,650","1,102",40,11,24,6.81%,2.83%,,,
POST-60366,TikTok,04/07/2025,Reel,"89,043","57,240","2,889",744,966,8.03%,5.16%,,,
POST-60367,Facebook,05/15/2025,Video,"32,036","18,733",743,277,110,6.03%,3.53%,,,
POST-60368,TikTok,04/23/2025,Reel,"162,673","75,395","7,190","1,831","2,015",14.64%,6.78%,,,
POST-60369,Instagram,09/28/2025,Video,"31,659","15,454",520,103,117,4.79%,2.34%,,,
POST-60370,TikTok,06/09/2025,Video,"280,772","95,901","8,535","2,589","1,470",13.13%,4.49%,,,
POST-60371,TikTok,07/23/2025,Video,"28,931","14,251","1,634",204,597,17.09%,8.42%,,,
POST-60372,TikTok,07/06/2024,Video,"48,646","15,711","1,465",141,499,13.40%,4.33%,,,
POST-60373,TikTok,10/01/2025,Reel,"185,450","104,771","11,675","1,750","5,190",17.77%,10.04%,,,
POST-60374,Instagram,11/01/2025,Image,"4,906","2,588",151,33,17,7.77%,4.10%,,,
POST-60375,Facebook,03/05/2024,Video,"85,302","32,381","1,051",160,503,5.29%,2.01%,,,
POST-60376,Facebook,03/27/2025,Video,"36,362","22,850",994,361,578,8.46%,5.32%,,,
POST-60377,Twitter,09/02/2024,Image,"19,564","14,673",312,19,39,2.52%,1.89%,,,
POST-60378,TikTok,01/24/2025,Reel,"142,015","97,331","11,113","2,751","3,416",17.75%,12.17%,,,
POST-60379,TikTok,01/29/2024,Video,"396,464","212,977","20,430","2,808","4,420",12.99%,6.98%,,,
POST-60380,Instagram,01/29/2024,Video,"65,239","26,279","1,270",138,249,6.31%,2.54%,,,
POST-60381,TikTok,12/16/2024,Video,"481,371","293,652","12,277","2,977","13,325",9.73%,5.94%,,,
POST-60382,LinkedIn,01/27/2025,Video,"33,792","18,124",615,436,149,6.62%,3.55%,,,
POST-60383,TikTok,07/05/2024,Reel,"273,471","103,519","3,885","2,204","4,347",10.08%,3.82%,,,
POST-60384,Instagram,12/20/2025,Image,"18,169","12,346",599,154,120,7.07%,4.80%,,,
POST-60385,TikTok,04/24/2025,Reel,"219,497","107,091","4,415","1,194","1,427",6.57%,3.21%,,,
POST-60386,LinkedIn,06/07/2025,Image,"9,396","6,993",331,161,55,7.82%,5.82%,,,
POST-60387,Instagram,10/12/2025,Image,"49,233","30,264","2,221",448,279,9.74%,5.99%,,,
POST-60388,Facebook,11/24/2025,Text,"12,764","6,001",157,55,76,4.80%,2.26%,,,
POST-60389,Instagram,06/08/2025,Carousel,"64,438","48,960","2,962",531,213,7.57%,5.75%,,,
POST-60390,Twitter,02/16/2025,Video,"18,371","16,355",376,28,65,2.87%,2.55%,,,
POST-60391,Instagram,11/29/2025,Reel,"32,912","20,778","1,433",190,55,8.08%,5.10%,,,
POST-60392,Facebook,08/26/2024,Image,"3,002","1,192",20,22,31,6.12%,2.43%,,,
POST-60393,Instagram,06/30/2024,Carousel,"32,223","20,809",652,263,160,5.17%,3.34%,,,
POST-60394,Instagram,06/17/2025,Carousel,"69,821","36,732",882,250,84,3.31%,1.74%,,,
POST-60395,Twitter,05/29/2024,Image,"12,511","6,678",169,42,126,5.05%,2.69%,,,
POST-60396,LinkedIn,01/11/2024,Image,"8,567","5,327",156,45,19,4.13%,2.57%,,,
POST-60397,Facebook,02/07/2025,Carousel,"31,744","14,540",478,203,290,6.68%,3.06%,,,
POST-60398,LinkedIn,02/14/2025,Image,"7,127","5,162",164,127,66,6.92%,5.01%,,,
POST-60399,LinkedIn,05/02/2025,Video,"21,322","15,829",310,374,89,4.88%,3.63%,,,
POST-60400,Twitter,03/10/2024,Video,"2,785","2,312",68,13,16,4.20%,3.48%,,,
POST-60401,Twitter,06/18/2025,Image,"6,106","3,287",57,26,41,3.77%,2.03%,,,
POST-60402,TikTok,08/21/2024,Video,"184,139","107,085","9,649","1,976","1,806",12.54%,7.29%,,,
POST-60403,LinkedIn,11/17/2025,Carousel,"26,764","10,706",440,206,40,6.41%,2.56%,,,
POST-60404,Twitter,10/22/2024,Video,"49,797","31,336",561,147,573,4.09%,2.57%,,,
POST-60405,Instagram,07/01/2025,Image,"35,525","25,161",893,251,47,4.73%,3.35%,,,
POST-60406,Instagram,07/27/2025,Video,"19,195","15,085","1,100",42,87,8.15%,6.40%,,,
POST-60407,TikTok,04/19/2024,Reel,"46,574","18,250",616,489,822,10.56%,4.14%,,,
POST-60408,Twitter,09/05/2024,Video,"11,288","9,803",183,71,172,4.35%,3.77%,,,
POST-60409,Instagram,11/16/2025,Carousel,"28,606","20,603","1,524",200,124,8.97%,6.46%,,,
POST-60410,Twitter,04/12/2025,Image,"14,074","12,291",200,83,116,3.25%,2.84%,,,
POST-60411,Facebook,11/21/2024,Video,"59,270","26,853",662,429,453,5.75%,2.61%,,,
POST-60412,Facebook,10/13/2025,Video,"75,915","40,960","1,949",534,352,6.92%,3.73%,,,
POST-60413,Instagram,08/19/2025,Video,"72,976","47,147","1,145",503,360,4.26%,2.75%,,,
POST-60414,Instagram,02/24/2025,Reel,"84,491","47,181","1,531",410,254,4.65%,2.60%,,,
POST-60415,Instagram,08/27/2024,Carousel,"41,900","25,392",557,158,145,3.39%,2.05%,,,
POST-60416,Instagram,10/20/2025,Carousel,"2,092","1,004",23,13,3,3.88%,1.86%,,,
POST-60417,TikTok,08/20/2024,Reel,"74,779","35,446","2,176","1,055","1,520",13.40%,6.35%,,,
POST-60418,LinkedIn,11/29/2024,Text,"9,916","7,511",307,78,100,6.46%,4.89%,,,
POST-60419,Facebook,02/03/2024,Text,"4,445","2,252",43,16,36,4.22%,2.14%,,,
POST-60420,Twitter,01/11/2025,Text,"22,072","19,403",308,40,356,3.63%,3.19%,,,
POST-60421,TikTok,05/15/2025,Reel,"30,790","15,756","1,096",467,541,13.35%,6.83%,,,
POST-60422,TikTok,03/19/2025,Video,"251,932","111,570","8,185","2,293","2,855",11.95%,5.29%,,,
POST-60423,Facebook,10/31/2024,Carousel,"30,992","20,919",603,409,243,6.00%,4.05%,,,
POST-60424,TikTok,10/14/2025,Reel,"143,707","79,032","9,168","2,327","3,788",19.34%,10.63%,,,
POST-60425,Twitter,07/28/2025,Image,"4,868","2,740",38,19,16,2.66%,1.50%,,,
POST-60426,Twitter,04/27/2024,Text,"21,535","12,055",361,29,205,4.94%,2.76%,,,
POST-60427,Instagram,06/21/2024,Video,"72,066","37,138",948,470,278,4.57%,2.35%,,,
POST-60428,Twitter,05/30/2025,Image,"24,044","17,053",370,101,184,3.84%,2.72%,,,
POST-60429,Instagram,03/31/2025,Video,"117,879","84,135","3,779",219,331,5.15%,3.67%,,,
POST-60430,Facebook,07/22/2025,Image,"14,346","9,357",141,163,79,4.09%,2.67%,,,
POST-60431,LinkedIn,02/06/2025,Image,"3,303","1,627",45,31,16,5.65%,2.79%,,,
POST-60432,Twitter,07/15/2024,Image,"7,765","5,378",111,15,26,2.83%,1.96%,,,
POST-60433,Facebook,02/17/2025,Carousel,"21,592","8,602",123,161,152,5.07%,2.02%,,,
POST-60434,Twitter,11/10/2025,Image,"13,531","11,061",55,40,183,2.51%,2.05%,,,
POST-60435,Instagram,05/18/2025,Reel,"87,545","56,804","3,480",778,443,8.28%,5.37%,,,
POST-60436,Instagram,09/19/2024,Reel,"30,509","19,164",769,216,43,5.36%,3.37%,,,
POST-60437,Instagram,12/03/2024,Carousel,"53,167","23,514","1,779",332,44,9.16%,4.05%,,,
POST-60438,Facebook,03/14/2024,Image,"22,118","10,636",350,171,189,6.68%,3.21%,,,
POST-60439,TikTok,06/25/2025,Reel,"6,518","4,208",456,113,50,14.71%,9.50%,,,
POST-60440,Instagram,12/17/2025,Carousel,"57,148","44,870","1,514",359,292,4.83%,3.79%,,,
POST-60441,Facebook,08/17/2024,Image,"9,102","5,221",83,19,36,2.64%,1.52%,,,
POST-60442,TikTok,10/10/2024,Reel,"392,291","211,695","17,800","3,874","5,323",12.75%,6.88%,,,
POST-60443,TikTok,09/14/2024,Reel,"82,125","30,012","2,121",621,"1,487",14.09%,5.15%,,,
POST-60444,TikTok,12/23/2025,Reel,"225,458","132,441","8,363","1,585","3,594",10.22%,6.01%,,,
POST-60445,Twitter,08/16/2024,Video,"31,441","22,917",633,99,79,3.54%,2.58%,,,
POST-60446,Instagram,11/02/2024,Carousel,"68,693","35,653",896,435,174,4.22%,2.19%,,,
POST-60447,TikTok,03/29/2024,Reel,"288,296","88,273","4,066","1,872","3,760",10.99%,3.36%,,,
POST-60448,Facebook,03/11/2025,Text,"1,023",695,30,9,12,7.34%,4.99%,,,
POST-60449,Twitter,01/02/2024,Video,"3,481","2,768",41,19,36,3.47%,2.76%,,,
POST-60450,LinkedIn,12/11/2025,Text,"18,614","13,525",446,168,149,5.64%,4.10%,,,
POST-60451,Twitter,09/23/2025,Video,"29,996","16,944",288,71,93,2.67%,1.51%,,,
POST-60452,Twitter,09/22/2025,Image,"5,854","3,519",68,7,60,3.84%,2.31%,,,
POST-60453,Facebook,07/07/2025,Text,"12,421","5,242",156,19,100,5.25%,2.21%,,,
POST-60454,Facebook,12/28/2024,Image,"26,906","16,471",544,158,240,5.72%,3.50%,,,
POST-60455,TikTok,08/14/2025,Reel,"328,225","141,102","4,621","3,283","1,763",6.85%,2.95%,,,
POST-60456,Instagram,01/22/2025,Image,"17,569","11,376",827,41,46,8.03%,5.20%,,,
POST-60457,Instagram,01/08/2025,Reel,"66,334","51,977","3,856",534,80,8.60%,6.74%,,,
POST-60458,LinkedIn,11/03/2024,Carousel,"19,570","15,430",681,176,156,6.57%,5.18%,,,
POST-60459,LinkedIn,05/07/2024,Text,"9,852","6,630",339,103,87,7.98%,5.37%,,,
POST-60460,Instagram,10/01/2025,Video,"92,161","40,403","2,368",102,87,6.33%,2.77%,,,
POST-60461,Facebook,03/20/2025,Text,"3,970","2,263",24,8,28,2.65%,1.51%,,,
POST-60462,TikTok,06/22/2025,Reel,"110,636","36,923","1,473",914,"1,165",9.62%,3.21%,,,
POST-60463,Instagram,02/28/2025,Reel,"52,965","21,319",616,180,147,4.42%,1.78%,,,
POST-60464,Twitter,07/17/2024,Video,"43,511","37,194",998,135,84,3.27%,2.80%,,,
POST-60465,TikTok,09/14/2025,Reel,"337,983","146,786","16,597","3,627","6,567",18.25%,7.93%,,,
POST-60466,TikTok,02/17/2024,Reel,"164,695","90,796","6,004",651,"3,479",11.16%,6.15%,,,
POST-60467,LinkedIn,02/15/2024,Carousel,"16,374","12,880",274,145,63,3.74%,2.94%,,,
POST-60468,TikTok,02/24/2024,Video,"459,458","319,894","38,021","7,712","11,817",17.99%,12.53%,,,
POST-60469,Facebook,08/25/2025,Image,"16,448","7,957",185,107,133,5.34%,2.58%,,,
POST-60470,LinkedIn,05/08/2025,Text,"7,337","5,366",81,112,59,4.70%,3.43%,,,
POST-60471,Twitter,03/20/2024,Text,"18,681","13,036",151,52,160,2.78%,1.94%,,,
POST-60472,Twitter,08/21/2024,Video,"37,918","24,272",469,158,465,4.50%,2.88%,,,
POST-60473,Twitter,03/25/2024,Video,"31,283","21,876",129,114,253,2.27%,1.59%,,,
POST-60474,TikTok,05/16/2024,Reel,"339,247","113,189","7,464","3,146","4,182",13.07%,4.36%,,,
POST-60475,Instagram,07/05/2024,Image,"8,981","3,952",155,56,27,6.02%,2.65%,,,
POST-60476,Twitter,10/08/2024,Image,"21,302","13,074",295,26,71,3.00%,1.84%,,,
POST-60477,Instagram,09/28/2024,Carousel,"69,216","42,538","1,645",611,409,6.26%,3.85%,,,
POST-60478,Instagram,01/17/2025,Reel,"71,167","40,636","2,428",337,81,7.00%,4.00%,,,
POST-60479,LinkedIn,11/30/2024,Image,"4,580","2,488",77,21,30,5.14%,2.79%,,,
POST-60480,Instagram,09/03/2024,Carousel,"25,003","12,041",780,113,55,7.87%,3.79%,,,
POST-60481,Instagram,09/12/2024,Carousel,"69,409","29,566","1,523",290,165,6.69%,2.85%,,,
POST-60482,Instagram,11/05/2025,Reel,"85,888","52,026","2,347",624,135,5.97%,3.62%,,,
POST-60483,Instagram,12/11/2025,Carousel,"60,250","31,771","1,907",219,79,6.94%,3.66%,,,
POST-60484,Twitter,01/26/2024,Text,"11,412","7,912",117,23,153,3.70%,2.57%,,,
POST-60485,Instagram,12/03/2025,Image,"8,581","5,323",190,14,9,4.00%,2.48%,,,
POST-60486,TikTok,08/06/2024,Reel,"87,881","60,405","4,517",667,"1,550",11.15%,7.66%,,,
POST-60487,LinkedIn,10/03/2024,Video,"15,417","8,696",290,111,100,5.76%,3.25%,,,
POST-60488,TikTok,09/29/2024,Reel,"185,847","121,043","11,183",626,"3,674",12.79%,8.33%,,,
POST-60489,LinkedIn,11/10/2024,Text,"10,745","5,956",195,89,28,5.24%,2.90%,,,
POST-60490,LinkedIn,11/26/2025,Image,"6,513","3,382",114,52,33,5.88%,3.06%,,,
POST-60491,TikTok,08/07/2025,Reel,"440,564","270,609","17,877","4,340","7,584",11.01%,6.76%,,,
POST-60492,TikTok,05/30/2024,Video,"322,006","167,484","9,198","4,109","6,734",11.97%,6.22%,,,
POST-60493,Twitter,04/03/2025,Image,"10,767","6,348",127,7,93,3.58%,2.11%,,,
POST-60494,Facebook,06/03/2025,Video,"36,770","17,441",330,230,269,4.75%,2.25%,,,
POST-60495,TikTok,03/14/2024,Video,"38,055","20,035","1,623",390,207,11.08%,5.83%,,,
POST-60496,Instagram,10/15/2024,Carousel,"51,958","30,967",878,85,54,3.28%,1.96%,,,
POST-60497,Instagram,03/15/2025,Video,"36,746","20,529","1,452",156,124,8.44%,4.71%,,,
POST-60498,Twitter,03/16/2025,Video,"12,875","7,526",69,19,40,1.70%,0.99%,,,
POST-60499,Facebook,09/26/2024,Video,"29,909","10,936",270,106,175,5.04%,1.84%,,,
POST-60500,TikTok,02/10/2024,Reel,"41,256","26,399","2,930",619,480,15.26%,9.77%,,,
POST-60501,LinkedIn,03/17/2025,Carousel,"9,610","7,236",115,116,68,4.13%,3.11%,,,
POST-60502,Twitter,01/10/2025,Image,"3,755","2,372",62,6,5,3.08%,1.94%,,,
POST-60503,LinkedIn,04/18/2025,Video,"38,598","19,145",389,219,243,4.45%,2.20%,,,
POST-60504,LinkedIn,02/17/2025,Image,"10,726","6,896",193,102,93,5.63%,3.62%,,,
POST-60505,Facebook,05/16/2025,Carousel,"37,289","16,958",800,75,162,6.12%,2.78%,,,
POST-60506,LinkedIn,07/07/2024,Video,"20,670","15,492",592,292,224,7.15%,5.36%,,,
POST-60507,Facebook,11/09/2024,Video,"30,297","12,985",141,45,217,3.10%,1.33%,,,
POST-60508,Instagram,09/12/2025,Carousel,"34,183","19,575","1,510",101,112,8.80%,5.04%,,,
POST-60509,Instagram,12/28/2025,Image,"44,261","21,082","1,483",251,161,8.99%,4.28%,,,
POST-60510,Facebook,09/26/2025,Video,"57,188","26,556",923,355,613,7.12%,3.31%,,,
POST-60511,Instagram,06/12/2025,Image,"18,096","11,803",328,41,25,3.34%,2.18%,,,
POST-60512,Twitter,04/14/2025,Video,"24,711","15,214",386,35,158,3.81%,2.34%,,,
POST-60513,Twitter,04/26/2025,Text,"6,773","4,868",133,13,28,3.57%,2.57%,,,
POST-60514,Instagram,03/09/2024,Image,"16,541","9,250",646,112,57,8.81%,4.93%,,,
POST-60515,TikTok,01/03/2025,Video,"237,159","128,305","14,732","2,455","2,936",15.68%,8.49%,,,
POST-60516,Instagram,03/16/2025,Image,"14,887","8,575",514,33,64,7.13%,4.10%,,,
POST-60517,Instagram,01/14/2024,Carousel,"11,666","8,813",694,84,32,9.19%,6.94%,,,
POST-60518,Instagram,01/27/2024,Video,"14,544","7,587",486,111,57,8.62%,4.50%,,,
POST-60519,Facebook,03/25/2025,Video,"58,879","23,183",884,413,186,6.40%,2.52%,,,
POST-60520,LinkedIn,12/07/2024,Text,"12,952","9,872",429,183,32,6.52%,4.97%,,,
POST-60521,Instagram,09/15/2025,Carousel,"58,263","25,374",811,348,67,4.83%,2.10%,,,
POST-60522,Instagram,10/17/2025,Video,"79,853","53,928","1,857",481,443,5.16%,3.48%,,,
POST-60523,Facebook,04/01/2024,Carousel,"7,562","4,153",57,55,51,3.92%,2.16%,,,
POST-60524,TikTok,05/14/2025,Reel,"85,442","26,782","1,735",170,785,10.04%,3.15%,,,
POST-60525,Instagram,05/07/2025,Reel,"92,991","71,950","2,726",804,495,5.59%,4.33%,,,
POST-60526,TikTok,10/22/2024,Reel,"301,112","200,204","8,580","5,836","9,983",12.19%,8.10%,,,
POST-60527,Facebook,06/03/2025,Video,"34,405","22,484",344,407,636,6.17%,4.03%,,,
POST-60528,Facebook,10/22/2025,Video,731,238,8,2,4,5.88%,1.92%,,,
POST-60529,TikTok,06/06/2025,Video,"120,386","56,351","5,671",479,"2,188",14.80%,6.93%,,,
POST-60530,Instagram,09/03/2024,Video,"62,072","27,597","1,429",260,97,6.47%,2.88%,,,
POST-60531,LinkedIn,05/12/2024,Carousel,"21,231","9,493",166,127,103,4.17%,1.87%,,,
POST-60532,Twitter,01/25/2025,Text,"24,799","14,219",159,107,50,2.22%,1.27%,,,
POST-60533,Facebook,01/17/2024,Video,"3,061","1,290",63,7,28,7.60%,3.20%,,,
POST-60534,TikTok,03/12/2025,Reel,"340,043","161,330","7,093","2,464","5,353",9.24%,4.38%,,,
POST-60535,Twitter,03/08/2024,Video,"29,619","22,976",279,148,145,2.49%,1.93%,,,
POST-60536,TikTok,01/06/2025,Reel,"422,846","225,005","19,967","2,782","2,634",11.28%,6.00%,,,
POST-60537,Facebook,03/08/2025,Image,"27,037","11,583",294,180,235,6.12%,2.62%,,,
POST-60538,Instagram,09/22/2025,Reel,"58,108","45,986","1,595",273,79,4.23%,3.35%,,,
POST-60539,Facebook,02/01/2025,Carousel,"39,598","27,591",554,546,240,4.86%,3.38%,,,
POST-60540,Instagram,07/04/2025,Reel,"13,315","8,634",386,17,54,5.29%,3.43%,,,
POST-60541,TikTok,10/05/2025,Reel,"205,114","63,793","2,285","1,498","1,133",7.71%,2.40%,,,
POST-60542,LinkedIn,09/13/2025,Text,"13,067","6,556",329,126,46,7.64%,3.83%,,,
POST-60543,LinkedIn,12/10/2025,Image,"14,564","6,240",222,92,92,6.51%,2.79%,,,
POST-60544,Instagram,08/24/2025,Video,"84,635","55,737","1,423",808,474,4.85%,3.20%,,,
POST-60545,LinkedIn,08/24/2024,Text,"10,273","5,654",175,43,45,4.65%,2.56%,,,
POST-60546,Twitter,06/06/2025,Video,"7,109","4,361",97,30,85,4.86%,2.98%,,,
POST-60547,Facebook,09/11/2024,Image,"26,436","17,632",724,287,323,7.57%,5.05%,,,
POST-60548,Facebook,07/12/2025,Image,"10,617","6,587",162,66,156,5.83%,3.62%,,,
POST-60549,Facebook,01/19/2024,Text,"25,704","17,953",558,191,450,6.68%,4.66%,,,
POST-60550,TikTok,09/03/2024,Reel,"280,933","189,679","7,795","5,204","4,138",9.03%,6.10%,,,
POST-60551,Instagram,10/28/2025,Reel,"68,366","35,477","1,826",351,194,6.68%,3.47%,,,
POST-60552,TikTok,04/03/2025,Reel,"335,088","169,663","15,633","2,559","6,680",14.66%,7.42%,,,
POST-60553,TikTok,12/26/2024,Reel,"483,615","199,498","22,698","2,739","3,031",14.27%,5.89%,,,
POST-60554,Facebook,01/08/2024,Text,"19,259","12,826",282,178,354,6.35%,4.23%,,,
POST-60555,TikTok,10/04/2025,Reel,"105,734","49,365","3,314","1,127","2,353",13.76%,6.43%,,,
POST-60556,TikTok,06/16/2024,Video,"314,434","216,610","17,538","2,841","3,817",11.17%,7.70%,,,
POST-60557,LinkedIn,02/01/2025,Text,"3,279","2,511",111,24,27,6.45%,4.94%,,,
POST-60558,Facebook,02/22/2024,Carousel,"49,064","33,184","1,143",345,511,6.02%,4.07%,,,
POST-60559,LinkedIn,05/18/2025,Text,"13,079","8,025",217,177,97,6.12%,3.75%,,,
POST-60560,Facebook,02/18/2025,Video,"68,875","37,350","1,165",516,980,7.12%,3.86%,,,
POST-60561,TikTok,02/19/2024,Video,"292,218","150,070","4,971",824,"2,913",5.80%,2.98%,,,
POST-60562,Facebook,07/22/2024,Carousel,"2,008","1,078",37,15,19,6.59%,3.54%,,,
POST-60563,TikTok,06/11/2025,Reel,"186,197","110,046","12,065","3,260","1,251",15.06%,8.90%,,,
POST-60564,LinkedIn,03/09/2024,Image,"10,544","6,025",320,69,23,6.84%,3.91%,,,
POST-60565,TikTok,02/14/2025,Video,"150,291","79,412","9,221",888,"1,254",14.31%,7.56%,,,
POST-60566,LinkedIn,03/30/2025,Video,"10,578","6,220",371,107,73,8.86%,5.21%,,,
POST-60567,TikTok,02/03/2025,Reel,"125,093","59,574","1,936",574,"2,658",8.67%,4.13%,,,
POST-60568,Facebook,08/29/2024,Carousel,"34,704","23,012",396,198,278,3.79%,2.51%,,,
POST-60569,Twitter,07/12/2025,Text,"9,830","8,700",72,37,32,1.62%,1.43%,,,
POST-60570,Instagram,05/02/2024,Image,"16,856","8,393",481,124,61,7.94%,3.95%,,,
POST-60571,Instagram,02/16/2025,Reel,"10,726","8,238",610,72,12,8.42%,6.47%,,,
POST-60572,Facebook,09/17/2024,Image,430,140,4,0,2,4.29%,1.40%,,,
POST-60573,Instagram,09/07/2024,Video,"39,894","18,610","1,028",93,49,6.29%,2.93%,,,
POST-60574,Twitter,08/01/2025,Image,"8,400","4,395",82,30,10,2.78%,1.45%,,,
POST-60575,Facebook,02/25/2025,Video,"8,815","4,648",155,83,59,6.39%,3.37%,,,
POST-60576,TikTok,03/09/2024,Reel,"31,337","18,849","1,063",213,558,9.73%,5.85%,,,
POST-60577,Instagram,02/01/2024,Carousel,"40,741","30,669","2,358",373,142,9.37%,7.05%,,,
POST-60578,Instagram,06/28/2025,Video,"90,765","39,448","3,115",465,278,9.78%,4.25%,,,
POST-60579,Facebook,10/01/2024,Video,"59,087","26,659","1,037",255,412,6.39%,2.88%,,,
POST-60580,LinkedIn,12/03/2025,Image,"10,178","6,696",230,115,33,5.65%,3.71%,,,
POST-60581,TikTok,06/22/2025,Reel,"93,677","47,760","2,519",767,"1,608",10.25%,5.22%,,,
POST-60582,Instagram,07/31/2024,Carousel,"72,995","57,555","3,273",169,105,6.16%,4.86%,,,
POST-60583,Facebook,10/14/2025,Text,"4,486","1,431",29,9,29,4.68%,1.49%,,,
POST-60584,TikTok,09/01/2025,Video,"237,487","99,914","8,276","1,453","1,566",11.30%,4.76%,,,
POST-60585,Facebook,02/03/2025,Text,"10,170","4,591",190,42,85,6.90%,3.12%,,,
POST-60586,Facebook,07/22/2024,Carousel,"27,574","8,874",182,129,83,4.44%,1.43%,,,
POST-60587,TikTok,08/07/2024,Video,"352,524","141,986","11,532",983,"2,854",10.82%,4.36%,,,
POST-60588,Facebook,04/14/2025,Carousel,"43,587","19,157",349,287,144,4.07%,1.79%,,,
POST-60589,TikTok,03/19/2025,Reel,"212,134","64,001","7,316",629,"1,698",15.07%,4.55%,,,
POST-60590,Instagram,12/16/2025,Carousel,"40,971","24,583","1,757",204,198,8.78%,5.27%,,,
POST-60591,TikTok,07/26/2024,Reel,"335,537","139,187","5,211","2,098","4,949",8.81%,3.65%,,,
POST-60592,TikTok,01/14/2025,Reel,"131,357","89,146","2,771","2,281","1,327",7.16%,4.86%,,,
POST-60593,Facebook,12/25/2025,Image,"5,270","3,016",56,48,36,4.64%,2.66%,,,
POST-60594,Twitter,05/25/2024,Image,"4,484","2,836",65,11,11,3.07%,1.94%,,,
POST-60595,Instagram,12/05/2025,Image,"20,916","12,784",388,93,102,4.56%,2.79%,,,
POST-60596,LinkedIn,03/26/2025,Carousel,"5,694","2,972",80,16,29,4.21%,2.20%,,,
POST-60597,Twitter,08/20/2024,Image,"19,943","13,635",284,18,188,3.59%,2.46%,,,
POST-60598,Instagram,09/03/2024,Video,"32,370","19,733",511,174,134,4.15%,2.53%,,,
POST-60599,LinkedIn,09/29/2025,Text,"3,743","2,527",46,54,20,4.75%,3.21%,,,
POST-60600,Facebook,05/05/2025,Carousel,985,595,12,11,16,6.55%,3.96%,,,
POST-60601,Instagram,11/04/2025,Carousel,"59,877","28,609","1,482",114,34,5.70%,2.72%,,,
POST-60602,Twitter,09/16/2024,Text,"13,715","9,874",126,78,183,3.92%,2.82%,,,
POST-60603,Facebook,04/04/2025,Video,"64,617","29,828","1,223",462,805,8.35%,3.85%,,,
POST-60604,Twitter,07/27/2025,Video,"51,684","33,219",461,233,575,3.82%,2.46%,,,
POST-60605,LinkedIn,05/30/2025,Text,"12,490","5,469",277,108,34,7.66%,3.35%,,,
POST-60606,LinkedIn,06/04/2025,Carousel,"23,813","9,670",159,65,74,3.08%,1.25%,,,
POST-60607,TikTok,04/28/2024,Reel,"257,734","167,895","5,785","1,085","6,677",8.07%,5.26%,,,
POST-60608,TikTok,09/26/2024,Video,"23,805","12,937",946,138,332,10.95%,5.95%,,,
POST-60609,TikTok,05/21/2025,Reel,"225,861","80,749","8,334","2,281","2,464",16.20%,5.79%,,,
POST-60610,Instagram,08/17/2025,Reel,"32,439","24,893","1,522",250,126,7.62%,5.85%,,,
POST-60611,Instagram,06/30/2024,Carousel,"57,901","37,650","1,623",445,126,5.83%,3.79%,,,
POST-60612,LinkedIn,05/17/2025,Carousel,"19,096","11,955",182,270,159,5.11%,3.20%,,,
POST-60613,Instagram,05/11/2024,Image,"4,308","2,949",143,12,16,5.80%,3.97%,,,
POST-60614,TikTok,04/24/2025,Reel,"374,495","174,291","13,416","3,573","8,458",14.60%,6.80%,,,
POST-60615,TikTok,07/14/2025,Reel,"305,982","126,621","6,294","1,307","2,027",7.60%,3.15%,,,
POST-60616,Instagram,12/14/2025,Video,"78,081","46,642","1,676",643,228,5.46%,3.26%,,,
POST-60617,Facebook,06/04/2024,Text,"5,666","2,551",121,24,59,8.00%,3.60%,,,
POST-60618,TikTok,02/17/2025,Video,"282,470","186,650","9,599","3,836","7,693",11.32%,7.48%,,,
POST-60619,Facebook,12/08/2024,Image,"8,276","4,573",96,75,90,5.71%,3.15%,,,
POST-60620,Twitter,02/08/2025,Image,"14,687","11,612",127,23,63,1.83%,1.45%,,,
POST-60621,Twitter,10/09/2024,Text,"8,640","6,048",127,38,53,3.60%,2.52%,,,
POST-60622,LinkedIn,11/22/2025,Text,"11,681","8,863",407,183,71,7.46%,5.66%,,,
POST-60623,TikTok,03/31/2025,Video,"382,426","151,935","17,874","1,085","1,646",13.56%,5.39%,,,
POST-60624,Twitter,01/31/2024,Image,"4,755","4,004",36,12,30,1.95%,1.64%,,,
POST-60625,Twitter,09/21/2024,Video,"56,581","39,633",457,260,237,2.41%,1.69%,,,
POST-60626,Twitter,03/31/2024,Text,"13,892","9,761",108,71,142,3.29%,2.31%,,,
POST-60627,Instagram,09/08/2024,Carousel,"66,709","49,001","1,938",402,197,5.18%,3.80%,,,
POST-60628,Instagram,04/10/2024,Image,"24,231","17,799",556,245,128,5.22%,3.83%,,,
POST-60629,Twitter,05/19/2024,Video,"30,676","22,601",580,37,284,3.99%,2.94%,,,
POST-60630,Instagram,10/22/2025,Reel,"43,458","22,086",806,132,155,4.95%,2.52%,,,
POST-60631,Instagram,11/22/2024,Image,"24,339","11,601",686,112,107,7.80%,3.72%,,,
POST-60632,Twitter,01/15/2024,Image,"23,608","14,578",419,103,210,5.02%,3.10%,,,
POST-60633,Facebook,04/29/2025,Text,"3,498","2,312",77,18,53,6.40%,4.23%,,,
POST-60634,Twitter,10/20/2024,Text,"11,898","10,271",276,51,155,4.69%,4.05%,,,
POST-60635,LinkedIn,05/30/2025,Text,"2,644","1,864",34,17,20,3.81%,2.69%,,,
POST-60636,LinkedIn,05/03/2025,Carousel,"16,074","7,842",276,105,84,5.93%,2.89%,,,
POST-60637,Instagram,06/28/2025,Image,"5,607","3,909",251,37,11,7.65%,5.33%,,,
POST-60638,TikTok,07/28/2025,Video,"355,683","209,786","22,369","5,374","5,279",15.74%,9.28%,,,
POST-60639,LinkedIn,11/22/2024,Carousel,"24,289","13,668",552,140,120,5.94%,3.34%,,,
POST-60640,Twitter,01/15/2025,Video,"47,511","30,956",836,31,371,4.00%,2.61%,,,
POST-60641,Twitter,12/11/2025,Image,"12,122","6,898",100,19,108,3.29%,1.87%,,,
POST-60642,TikTok,06/10/2025,Reel,"24,844","13,213","1,483",150,471,15.92%,8.47%,,,
POST-60643,Instagram,10/23/2024,Reel,"72,162","32,445","1,120",100,71,3.98%,1.79%,,,
POST-60644,Twitter,10/27/2025,Text,"9,855","8,639",165,13,75,2.93%,2.57%,,,
POST-60645,Facebook,09/23/2025,Text,"1,464",623,18,4,10,5.14%,2.19%,,,
POST-60646,Instagram,08/02/2024,Image,"43,874","28,603","2,132",362,160,9.28%,6.05%,,,
POST-60647,TikTok,09/10/2025,Video,"351,288","199,282","8,103","5,764","4,943",9.44%,5.35%,,,
POST-60648,LinkedIn,06/14/2024,Text,"1,882","1,085",51,21,5,7.10%,4.09%,,,
POST-60649,Instagram,09/17/2024,Reel,"57,041","29,781","1,820",343,146,7.75%,4.05%,,,
POST-60650,Twitter,07/30/2024,Image,"8,908","6,596",96,44,92,3.52%,2.60%,,,
POST-60651,Instagram,10/19/2024,Image,"47,214","28,846",835,359,194,4.81%,2.94%,,,
POST-60652,LinkedIn,11/09/2025,Carousel,"7,636","4,927",86,42,24,3.09%,1.99%,,,
POST-60653,Twitter,07/30/2025,Video,"11,649","10,003",121,78,73,2.72%,2.33%,,,
POST-60654,Instagram,03/17/2024,Carousel,"15,732","10,566",390,51,88,5.01%,3.36%,,,
POST-60655,Facebook,06/14/2024,Carousel,"30,427","10,288",271,114,133,5.03%,1.70%,,,
POST-60656,TikTok,05/02/2024,Video,"165,315","60,150","4,425","1,246","2,176",13.05%,4.75%,,,
POST-60657,TikTok,10/14/2024,Reel,"400,431","132,665","7,190","1,913","5,655",11.12%,3.69%,,,
POST-60658,LinkedIn,01/03/2024,Image,"9,511","4,794",80,38,27,3.02%,1.52%,,,
POST-60659,Instagram,08/26/2025,Video,"24,086","9,779",507,61,67,6.49%,2.64%,,,
POST-60660,TikTok,11/04/2024,Reel,"149,002","64,807","2,028","1,357","1,588",7.67%,3.34%,,,
POST-60661,Instagram,06/25/2024,Carousel,"28,394","19,354","1,424",188,137,9.04%,6.16%,,,
POST-60662,LinkedIn,03/16/2024,Video,"34,442","18,309",819,280,122,6.67%,3.55%,,,
POST-60663,Instagram,12/18/2025,Image,"36,061","16,765","1,264",41,69,8.20%,3.81%,,,
POST-60664,TikTok,09/21/2025,Video,"376,171","118,382","11,737","1,769","1,756",12.89%,4.06%,,,
POST-60665,Instagram,11/27/2025,Reel,"29,184","14,749",680,106,54,5.70%,2.88%,,,
POST-60666,Twitter,03/13/2025,Video,"69,393","59,476",584,275,"1,046",3.20%,2.75%,,,
POST-60667,LinkedIn,06/18/2024,Video,"13,645","6,811",361,67,96,7.69%,3.84%,,,
POST-60668,Instagram,08/15/2024,Video,"81,658","62,205","4,673",461,445,8.97%,6.83%,,,
POST-60669,Twitter,01/09/2024,Text,"15,327","12,694",314,26,245,4.61%,3.82%,,,
POST-60670,TikTok,07/17/2024,Video,"186,198","108,919","4,735","2,170","3,180",9.26%,5.42%,,,
POST-60671,TikTok,11/12/2024,Reel,"321,812","105,478","8,808","1,141","4,652",13.84%,4.54%,,,
POST-60672,Twitter,10/18/2024,Text,"14,268","11,633",131,88,139,3.08%,2.51%,,,
POST-60673,Instagram,02/16/2025,Carousel,"47,971","29,910","1,900",203,206,7.72%,4.81%,,,
POST-60674,Instagram,09/18/2024,Carousel,"12,818","7,169",546,107,19,9.37%,5.24%,,,
POST-60675,LinkedIn,03/07/2024,Text,"15,500","7,254",329,93,38,6.34%,2.97%,,,
POST-60676,Instagram,06/07/2025,Carousel,"52,663","27,199",548,231,211,3.64%,1.88%,,,
POST-60677,TikTok,03/05/2025,Video,"173,804","101,955","5,613",882,"4,341",10.63%,6.23%,,,
POST-60678,Twitter,09/26/2025,Image,"3,759","2,971",69,12,33,3.84%,3.03%,,,
POST-60679,Twitter,09/27/2024,Video,"65,387","56,790",780,336,826,3.42%,2.97%,,,
POST-60680,LinkedIn,11/06/2025,Image,"17,581","7,295",319,105,47,6.46%,2.68%,,,
POST-60681,Instagram,04/07/2024,Reel,"39,451","23,090",792,295,221,5.66%,3.32%,,,
POST-60682,Instagram,08/25/2024,Image,"49,080","30,039","2,323",218,205,9.14%,5.59%,,,
POST-60683,Instagram,02/11/2024,Image,"15,266","10,760",456,21,54,4.93%,3.48%,,,
POST-60684,Twitter,07/11/2025,Text,"4,895","2,931",40,14,55,3.72%,2.23%,,,
POST-60685,Instagram,04/30/2024,Video,"71,625","34,855","2,566",381,148,8.88%,4.32%,,,
POST-60686,Instagram,08/11/2025,Reel,"18,738","10,443",526,118,55,6.69%,3.73%,,,
POST-60687,Twitter,11/22/2025,Text,"2,570","1,852",22,5,7,1.84%,1.32%,,,
POST-60688,TikTok,09/19/2024,Reel,"136,086","60,218","3,956","1,120","1,705",11.26%,4.98%,,,
POST-60689,Instagram,01/07/2024,Carousel,"34,283","18,836","1,092",66,144,6.91%,3.80%,,,
POST-60690,Instagram,05/02/2024,Video,"1,615",702,21,4,6,4.42%,1.92%,,,
POST-60691,LinkedIn,12/24/2025,Carousel,"30,298","17,070",518,236,232,5.78%,3.25%,,,
POST-60692,LinkedIn,10/16/2024,Carousel,"16,740","7,243",220,158,104,6.65%,2.88%,,,
POST-60693,Instagram,11/21/2024,Image,"25,252","13,577",473,128,17,4.55%,2.45%,,,
POST-60694,LinkedIn,03/03/2024,Carousel,"30,617","23,813","1,140",433,194,7.42%,5.77%,,,
POST-60695,Facebook,10/24/2024,Carousel,"5,867","3,418",166,57,101,9.48%,5.52%,,,
POST-60696,Facebook,09/03/2024,Image,"12,837","7,866",120,146,167,5.50%,3.37%,,,
POST-60697,Twitter,08/19/2024,Video,"19,532","16,443",132,51,177,2.19%,1.84%,,,
POST-60698,LinkedIn,02/15/2024,Video,"36,021","24,509",567,389,136,4.46%,3.03%,,,
POST-60699,TikTok,06/25/2025,Video,"516,709","268,928","8,894","4,022","2,718",5.81%,3.03%,,,
POST-60700,LinkedIn,09/21/2025,Image,"1,750","1,317",41,29,14,6.38%,4.80%,,,
POST-60701,TikTok,06/11/2024,Video,"106,828","43,898","3,859","1,088","2,101",16.06%,6.60%,,,
POST-60702,TikTok,03/02/2025,Reel,"49,124","26,835","3,131",481,"1,317",18.37%,10.03%,,,
POST-60703,LinkedIn,12/01/2025,Video,"6,463","4,557",146,24,15,4.06%,2.86%,,,
POST-60704,Twitter,09/29/2025,Text,"11,643","9,539",141,22,91,2.66%,2.18%,,,
POST-60705,LinkedIn,04/23/2024,Text,"9,622","4,784",206,57,16,5.83%,2.90%,,,
POST-60706,Twitter,04/16/2024,Image,768,675,16,3,12,4.59%,4.04%,,,
POST-60707,Facebook,04/05/2025,Carousel,"5,498","3,829",145,22,48,5.62%,3.91%,,,
POST-60708,Instagram,04/28/2025,Video,"97,696","44,346","2,344",517,88,6.65%,3.02%,,,
POST-60709,Twitter,10/06/2024,Image,"20,572","17,868",147,129,295,3.20%,2.78%,,,
POST-60710,Facebook,10/06/2024,Text,"28,247","11,746",274,156,145,4.90%,2.04%,,,
POST-60711,Instagram,01/15/2025,Carousel,"74,167","45,400","3,147",194,135,7.66%,4.69%,,,
POST-60712,Twitter,02/09/2025,Video,"36,474","26,752",699,125,100,3.45%,2.53%,,,
POST-60713,Instagram,08/12/2024,Carousel,"52,019","21,663",906,211,213,6.14%,2.56%,,,
POST-60714,Twitter,12/10/2025,Image,"13,851","10,753",90,13,43,1.36%,1.05%,,,
POST-60715,LinkedIn,01/24/2024,Video,"4,210","2,327",62,55,17,5.76%,3.18%,,,
POST-60716,Twitter,12/12/2024,Text,"8,714","7,818",194,8,76,3.56%,3.19%,,,
POST-60717,LinkedIn,09/19/2024,Video,"18,489","11,208",519,262,156,8.36%,5.07%,,,
POST-60718,LinkedIn,08/17/2025,Text,"8,150","3,795",184,86,18,7.59%,3.53%,,,
POST-60719,Twitter,07/01/2025,Video,"38,223","21,921",154,148,388,3.15%,1.81%,,,
POST-60720,Facebook,10/27/2025,Carousel,"32,977","11,560",298,98,169,4.89%,1.71%,,,
POST-60721,Twitter,08/22/2024,Video,"57,675","35,760","1,050",194,445,4.72%,2.93%,,,
POST-60722,Instagram,01/11/2025,Reel,"87,852","38,483","1,783",380,69,5.80%,2.54%,,,
POST-60723,LinkedIn,04/03/2024,Carousel,"10,551","5,565",130,65,23,3.92%,2.07%,,,
POST-60724,Instagram,10/15/2025,Image,"29,314","15,386",381,69,105,3.61%,1.89%,,,
POST-60725,Instagram,06/17/2024,Video,"74,816","55,347","4,283",218,519,9.07%,6.71%,,,
POST-60726,Instagram,10/28/2025,Image,"18,345","13,111",923,79,17,7.77%,5.55%,,,
POST-60727,TikTok,12/02/2024,Reel,"84,679","56,993","3,452",763,"2,444",11.68%,7.86%,,,
POST-60728,Instagram,08/07/2025,Video,"29,143","15,606","1,093",150,58,8.34%,4.46%,,,
POST-60729,Facebook,02/23/2024,Video,"45,375","28,348",982,138,474,5.62%,3.51%,,,
POST-60730,Twitter,01/02/2024,Image,"13,665","9,857",103,61,141,3.09%,2.23%,,,
POST-60731,TikTok,02/10/2024,Video,"354,002","187,195","14,646","2,605","2,589",10.60%,5.60%,,,
POST-60732,TikTok,08/14/2024,Reel,"500,863","228,827","7,070","3,230","10,832",9.23%,4.22%,,,
POST-60733,Twitter,07/16/2025,Image,"23,524","15,820",267,125,203,3.76%,2.53%,,,
POST-60734,TikTok,06/22/2024,Reel,"379,546","244,938","17,987","4,666","9,574",13.16%,8.49%,,,
POST-60735,TikTok,08/28/2024,Video,"175,978","102,798","7,603",735,"2,192",10.24%,5.98%,,,
POST-60736,LinkedIn,02/21/2024,Carousel,"17,851","10,653",613,83,51,7.01%,4.18%,,,
POST-60737,Facebook,11/26/2024,Text,"3,182","1,939",95,13,55,8.41%,5.12%,,,
POST-60738,Instagram,07/04/2024,Carousel,"44,248","21,842","1,232",170,37,6.59%,3.25%,,,
POST-60739,Facebook,12/26/2024,Carousel,"45,960","27,219",568,157,161,3.26%,1.93%,,,
POST-60740,Instagram,02/22/2024,Video,"63,176","32,514","1,668",177,185,6.24%,3.21%,,,
POST-60741,Instagram,01/14/2025,Reel,"8,474","4,884",252,27,16,6.04%,3.48%,,,
POST-60742,Twitter,12/01/2024,Text,"24,643","12,830",151,43,101,2.30%,1.20%,,,
POST-60743,Twitter,04/16/2024,Image,"18,893","11,508",103,30,23,1.36%,0.83%,,,
POST-60744,Twitter,02/22/2024,Image,"16,687","8,832",149,10,166,3.68%,1.95%,,,
POST-60745,LinkedIn,01/20/2025,Image,"6,126","2,556",101,62,12,6.85%,2.86%,,,
POST-60746,TikTok,06/10/2024,Reel,"153,582","61,067","2,112","1,732","1,108",8.11%,3.22%,,,
POST-60747,Twitter,05/26/2024,Video,"33,166","20,671",132,105,403,3.10%,1.93%,,,
POST-60748,Facebook,09/12/2025,Carousel,958,636,29,6,17,8.18%,5.43%,,,
POST-60749,Instagram,12/04/2024,Video,"113,024","63,107","3,534",773,454,7.54%,4.21%,,,
POST-60750,Facebook,09/26/2024,Text,"21,214","10,351",479,54,195,7.03%,3.43%,,,
POST-60751,Facebook,02/02/2025,Text,"18,110","6,550",231,98,81,6.26%,2.26%,,,
POST-60752,TikTok,03/20/2024,Reel,"427,491","269,084","23,475","6,850","5,392",13.27%,8.36%,,,
POST-60753,Instagram,11/18/2024,Reel,"117,459","81,926","2,922",469,298,4.50%,3.14%,,,
POST-60754,Facebook,07/30/2025,Carousel,"35,097","15,528",717,169,430,8.48%,3.75%,,,
POST-60755,LinkedIn,09/11/2025,Carousel,"9,224","6,185",181,39,27,3.99%,2.68%,,,
POST-60756,Facebook,12/03/2025,Image,"14,807","4,641",189,83,65,7.26%,2.28%,,,
POST-60757,Instagram,09/25/2025,Carousel,"56,534","26,667","1,823",220,84,7.98%,3.76%,,,
POST-60758,Instagram,08/16/2024,Image,"34,138","22,857","1,562",277,160,8.75%,5.86%,,,
POST-60759,Facebook,07/30/2025,Image,"13,034","6,610",129,69,57,3.86%,1.96%,,,
POST-60760,LinkedIn,06/16/2024,Carousel,"16,931","10,669",552,208,63,7.71%,4.86%,,,
POST-60761,TikTok,02/05/2025,Video,"470,236","181,713","14,405","1,979","3,187",10.77%,4.16%,,,
POST-60762,TikTok,04/28/2024,Reel,"137,714","93,775","9,583","1,045","1,334",12.76%,8.69%,,,
POST-60763,Facebook,10/09/2025,Image,"6,286","4,154",141,22,72,5.66%,3.74%,,,
POST-60764,Twitter,02/11/2025,Image,"17,035","13,302",143,64,31,1.79%,1.40%,,,
POST-60765,TikTok,02/14/2024,Video,"22,629","13,973","1,169",217,656,14.61%,9.02%,,,
POST-60766,Facebook,06/17/2025,Image,"10,886","5,263",168,100,72,6.46%,3.12%,,,
POST-60767,Instagram,09/18/2025,Reel,"16,928","9,735",518,120,90,7.48%,4.30%,,,
POST-60768,Facebook,11/19/2025,Text,"7,099","3,168",118,32,91,7.61%,3.39%,,,
POST-60769,Twitter,06/23/2024,Video,"36,817","28,588",585,184,234,3.51%,2.72%,,,
POST-60770,TikTok,09/27/2025,Video,"250,782","167,014","11,930","3,434","6,584",13.14%,8.75%,,,
POST-60771,Twitter,12/16/2024,Image,"2,682","1,770",44,8,11,3.56%,2.35%,,,
POST-60772,Facebook,10/29/2025,Image,"20,009","8,468",296,123,63,5.69%,2.41%,,,
POST-60773,Facebook,05/03/2024,Text,"2,335","1,610",78,26,42,9.07%,6.25%,,,
POST-60774,TikTok,01/25/2024,Video,"34,001","18,552",671,427,524,8.74%,4.77%,,,
POST-60775,Twitter,09/02/2025,Image,"7,779","5,128",116,35,34,3.61%,2.38%,,,
POST-60776,Instagram,12/08/2024,Reel,"63,122","36,317","1,019",314,154,4.09%,2.36%,,,
POST-60777,LinkedIn,08/31/2024,Carousel,"25,468","16,797",877,196,215,7.67%,5.06%,,,
POST-60778,TikTok,01/28/2025,Reel,"272,197","148,281","5,045","3,127","3,810",8.08%,4.40%,,,
POST-60779,LinkedIn,09/24/2025,Image,"13,512","9,567",308,60,73,4.61%,3.26%,,,
POST-60780,TikTok,06/19/2025,Video,"333,804","200,609","20,034","4,299","9,831",17.03%,10.23%,,,
POST-60781,LinkedIn,02/17/2025,Carousel,"23,579","9,773",449,138,134,7.38%,3.06%,,,
POST-60782,Facebook,06/02/2024,Image,"13,503","5,399",264,61,84,7.58%,3.03%,,,
POST-60783,Facebook,07/15/2024,Carousel,"16,980","10,531",287,68,249,5.74%,3.56%,,,
POST-60784,Facebook,08/09/2024,Carousel,"30,937","15,088",213,73,306,3.92%,1.91%,,,
POST-60785,Facebook,10/28/2025,Image,"26,470","14,840",188,83,357,4.23%,2.37%,,,
POST-60786,TikTok,12/16/2025,Reel,"108,168","45,234","3,836","1,170","1,513",14.41%,6.03%,,,
POST-60787,Facebook,01/21/2024,Carousel,"19,486","9,257",230,72,114,4.49%,2.13%,,,
POST-60788,TikTok,03/17/2024,Video,"327,325","185,924","16,944","1,712","8,146",14.42%,8.19%,,,
POST-60789,TikTok,12/24/2024,Video,"209,403","116,276","10,312","2,772","3,701",14.44%,8.02%,,,
POST-60790,Instagram,06/04/2025,Carousel,"43,665","33,548","1,507",85,318,5.69%,4.37%,,,
POST-60791,Facebook,03/02/2024,Carousel,"44,840","30,742",948,433,515,6.17%,4.23%,,,
POST-60792,Twitter,11/16/2024,Video,"28,891","24,605",695,101,324,4.55%,3.88%,,,
POST-60793,LinkedIn,02/28/2024,Text,"19,665","13,473",511,317,157,7.31%,5.01%,,,
POST-60794,TikTok,10/10/2025,Reel,"309,901","126,021","6,844",677,"4,597",9.62%,3.91%,,,
POST-60795,Instagram,07/31/2025,Reel,"78,507","44,593","3,309",647,259,9.45%,5.37%,,,
POST-60796,Twitter,01/05/2025,Text,"12,523","10,237",168,77,131,3.67%,3.00%,,,
POST-60797,Instagram,05/06/2025,Reel,"16,546","10,784",795,89,64,8.79%,5.73%,,,
POST-60798,Twitter,05/01/2025,Text,"22,672","13,697",253,45,150,3.27%,1.98%,,,
POST-60799,Instagram,10/15/2024,Carousel,"72,621","56,147","4,186",283,178,8.28%,6.40%,,,
POST-60800,Twitter,08/07/2024,Image,"16,084","13,865",227,107,245,4.18%,3.60%,,,
POST-60801,Instagram,03/22/2024,Reel,"8,929","7,013",541,94,47,9.72%,7.64%,,,
POST-60802,Facebook,05/03/2025,Text,"15,199","8,810",264,29,151,5.04%,2.92%,,,
POST-60803,TikTok,12/17/2024,Reel,"31,608","10,540",499,63,116,6.43%,2.15%,,,
POST-60804,Twitter,12/31/2024,Image,"18,381","12,860",251,16,137,3.14%,2.20%,,,
POST-60805,Instagram,12/24/2024,Reel,"8,019","4,735",360,13,22,8.34%,4.93%,,,
POST-60806,Facebook,04/30/2025,Video,"85,320","51,527","2,350",759,509,7.02%,4.24%,,,
POST-60807,Instagram,07/03/2024,Carousel,"38,897","30,186",786,91,102,3.24%,2.52%,,,
POST-60808,Facebook,04/19/2025,Carousel,"34,622","15,612",653,91,213,6.13%,2.76%,,,
POST-60809,Facebook,06/30/2025,Text,896,466,18,3,10,6.65%,3.46%,,,
POST-60810,TikTok,05/19/2025,Reel,"267,198","130,450","15,382",954,"2,977",14.80%,7.23%,,,
POST-60811,Facebook,05/18/2025,Carousel,"5,004","2,876",33,9,36,2.71%,1.56%,,,
POST-60812,Instagram,12/18/2025,Reel,"92,027","71,596","1,879",757,301,4.10%,3.19%,,,
POST-60813,LinkedIn,11/24/2025,Video,"18,602","7,631",410,99,44,7.25%,2.97%,,,
POST-60814,Facebook,02/06/2025,Video,"27,727","18,430",250,141,192,3.16%,2.10%,,,
POST-60815,Instagram,09/13/2025,Video,"15,247","8,056",540,26,48,7.62%,4.03%,,,
POST-60816,TikTok,08/25/2025,Video,"89,894","59,291","1,939","1,048","2,205",8.76%,5.78%,,,
POST-60817,Instagram,08/06/2025,Image,"27,153","19,875","1,530",162,74,8.89%,6.50%,,,
POST-60818,LinkedIn,01/27/2024,Video,"4,784","2,037",35,15,25,3.68%,1.57%,,,
POST-60819,Twitter,11/08/2025,Video,"13,034","9,588",212,20,99,3.45%,2.54%,,,
POST-60820,Twitter,05/18/2025,Text,"18,057","13,827",299,64,151,3.72%,2.85%,,,
POST-60821,TikTok,09/27/2024,Reel,"179,719","70,601","4,549","1,643",975,10.15%,3.99%,,,
POST-60822,Twitter,12/19/2025,Text,"23,924","11,970",195,81,148,3.54%,1.77%,,,
POST-60823,TikTok,07/17/2024,Reel,"300,492","142,306","10,847","2,910","4,021",12.49%,5.92%,,,
POST-60824,Instagram,12/04/2024,Image,"28,585","11,891",338,121,92,4.63%,1.93%,,,
POST-60825,Twitter,10/11/2025,Video,"17,663","10,699",273,17,27,2.96%,1.79%,,,
POST-60826,Twitter,08/18/2024,Text,"11,481","7,128",171,35,27,3.27%,2.03%,,,
POST-60827,Instagram,10/07/2024,Reel,"30,075","20,915","1,601",228,62,9.04%,6.29%,,,
POST-60828,Facebook,09/08/2024,Carousel,"43,087","29,240",851,333,640,6.24%,4.23%,,,
POST-60829,Twitter,09/23/2025,Video,"14,244","12,768",231,47,94,2.91%,2.61%,,,
POST-60830,LinkedIn,11/22/2024,Text,"18,511","13,972",643,332,103,7.72%,5.82%,,,
POST-60831,Twitter,04/12/2025,Text,"12,617","9,372",155,60,36,2.68%,1.99%,,,
POST-60832,TikTok,05/24/2024,Video,"152,232","90,649","5,749",496,"2,756",9.93%,5.91%,,,
POST-60833,Facebook,07/28/2024,Carousel,"8,589","3,060",83,51,49,5.98%,2.13%,,,
POST-60834,Facebook,02/10/2025,Carousel,"6,956","4,036",176,69,55,7.43%,4.31%,,,
POST-60835,Facebook,03/31/2025,Image,"16,675","5,590",138,62,118,5.69%,1.91%,,,
POST-60836,LinkedIn,05/02/2024,Image,"2,809","1,265",28,22,17,5.30%,2.39%,,,
POST-60837,Instagram,12/12/2024,Image,"11,976","7,595",348,40,9,5.23%,3.31%,,,
POST-60838,Facebook,12/04/2024,Carousel,"50,782","24,146",541,336,541,5.87%,2.79%,,,
POST-60839,Instagram,10/08/2025,Video,"83,900","49,290","3,027",520,121,7.44%,4.37%,,,
POST-60840,TikTok,05/24/2024,Reel,"206,094","92,209","9,894","1,277","1,266",13.49%,6.03%,,,
POST-60841,Instagram,12/12/2025,Reel,"76,099","59,299","1,282",597,181,3.47%,2.71%,,,
POST-60842,Instagram,10/10/2024,Reel,"58,336","28,891","1,609",342,138,7.23%,3.58%,,,
POST-60843,Facebook,01/03/2024,Text,"10,419","5,268",95,19,98,4.02%,2.03%,,,
POST-60844,TikTok,08/21/2024,Video,"397,798","251,973","21,279","7,212","6,116",13.73%,8.70%,,,
POST-60845,TikTok,04/27/2025,Reel,"81,633","42,498","2,362",379,842,8.43%,4.39%,,,
POST-60846,Instagram,05/10/2025,Video,"114,853","90,322","7,036","1,008",460,9.42%,7.40%,,,
POST-60847,TikTok,01/11/2025,Reel,"101,559","37,011","1,403",866,"1,702",10.73%,3.91%,,,
POST-60848,LinkedIn,08/27/2024,Video,"52,966","33,208","1,342",314,185,5.54%,3.48%,,,
POST-60849,Facebook,09/02/2024,Carousel,"43,373","27,936",345,509,623,5.29%,3.41%,,,
POST-60850,Twitter,03/30/2024,Image,"23,924","17,276",513,82,333,5.37%,3.88%,,,
POST-60851,TikTok,07/23/2024,Video,"46,459","22,156","2,313",187,"1,002",15.81%,7.54%,,,
POST-60852,LinkedIn,08/27/2024,Image,"14,787","9,920",185,122,65,3.75%,2.52%,,,
POST-60853,Facebook,04/19/2025,Video,"25,391","11,521",439,87,300,7.17%,3.25%,,,
POST-60854,Instagram,10/24/2025,Reel,"4,011","3,061",210,42,5,8.40%,6.41%,,,
POST-60855,LinkedIn,08/13/2024,Video,"13,250","6,561",367,79,52,7.59%,3.76%,,,
POST-60856,Twitter,03/23/2024,Image,"22,087","14,182",183,108,137,3.02%,1.94%,,,
POST-60857,TikTok,02/28/2024,Video,"295,436","113,806","9,040","1,908","4,719",13.77%,5.30%,,,
POST-60858,TikTok,01/05/2025,Reel,"52,951","16,963","1,395",404,528,13.72%,4.39%,,,
POST-60859,Facebook,01/16/2025,Text,"14,623","7,165",351,46,187,8.15%,3.99%,,,
POST-60860,Instagram,10/23/2024,Carousel,"16,904","7,010",399,85,24,7.25%,3.01%,,,
POST-60861,Instagram,04/18/2024,Video,"38,223","15,515","1,141",149,128,9.14%,3.71%,,,
POST-60862,Instagram,11/28/2024,Video,"33,576","20,539","1,466",253,168,9.19%,5.62%,,,
POST-60863,Twitter,01/21/2024,Image,"1,717","1,264",32,5,12,3.88%,2.85%,,,
POST-60864,Instagram,01/22/2025,Carousel,"70,846","29,721",836,407,288,5.15%,2.16%,,,
POST-60865,Twitter,11/03/2025,Image,"16,001","14,045",198,60,62,2.28%,2.00%,,,
POST-60866,TikTok,06/27/2025,Video,"222,413","136,652","14,940",970,"2,340",13.36%,8.21%,,,
POST-60867,TikTok,07/23/2024,Video,"371,354","158,284","14,566","2,207","5,270",13.93%,5.94%,,,
POST-60868,Twitter,11/07/2024,Image,"19,988","11,201",120,83,116,2.85%,1.60%,,,
POST-60869,Twitter,05/14/2025,Image,"2,183","1,582",9,3,22,2.15%,1.56%,,,
POST-60870,TikTok,07/09/2025,Video,"447,455","248,265","27,946","2,847","2,710",13.49%,7.49%,,,
POST-60871,TikTok,11/18/2025,Reel,"375,754","180,192","20,777","4,687","7,363",18.22%,8.74%,,,
POST-60872,Twitter,05/26/2024,Video,"58,711","51,306","1,211",398,675,4.45%,3.89%,,,
POST-60873,TikTok,10/13/2024,Reel,"315,347","113,639","11,492","2,613","5,573",17.32%,6.24%,,,
POST-60874,Twitter,03/19/2025,Text,976,644,16,2,10,4.35%,2.87%,,,
POST-60875,Facebook,10/10/2024,Carousel,"19,264","12,632",157,39,129,2.57%,1.69%,,,
POST-60876,TikTok,06/12/2024,Video,"476,942","275,182","17,135","3,065","3,541",8.63%,4.98%,,,
POST-60877,Facebook,10/07/2024,Image,"13,582","5,738",57,49,115,3.85%,1.63%,,,
POST-60878,Facebook,04/05/2025,Video,"28,843","19,168",698,117,149,5.03%,3.34%,,,
POST-60879,Facebook,08/06/2024,Text,"29,866","13,649",310,230,392,6.83%,3.12%,,,
POST-60880,Facebook,12/28/2025,Carousel,"29,825","16,209",256,164,252,4.15%,2.25%,,,
POST-60881,Instagram,09/17/2024,Reel,"22,627","12,566",267,57,43,2.92%,1.62%,,,
POST-60882,Twitter,07/04/2024,Image,"3,548","2,994",78,14,14,3.54%,2.99%,,,
POST-60883,Instagram,05/17/2025,Image,"25,939","10,890",633,43,71,6.86%,2.88%,,,
POST-60884,Facebook,07/23/2024,Text,"5,443","2,215",30,39,54,5.55%,2.26%,,,
POST-60885,Instagram,01/15/2025,Video,"66,171","42,597","2,477",500,76,7.17%,4.61%,,,
POST-60886,Facebook,10/12/2024,Video,"16,428","5,621",56,78,39,3.08%,1.05%,,,
POST-60887,Instagram,05/27/2025,Carousel,"33,748","20,652","1,454",46,194,8.20%,5.02%,,,
POST-60888,TikTok,12/31/2024,Reel,"257,884","169,444","13,273","3,292","3,944",12.10%,7.95%,,,
POST-60889,Instagram,05/05/2024,Carousel,"45,413","34,207",802,100,178,3.16%,2.38%,,,
POST-60890,Twitter,05/30/2024,Text,"1,754","1,371",25,6,6,2.70%,2.11%,,,
POST-60891,Twitter,11/23/2025,Image,276,248,5,1,2,3.23%,2.90%,,,
POST-60892,Facebook,10/14/2024,Carousel,"15,505","6,664",145,27,145,4.76%,2.04%,,,
POST-60893,Twitter,10/30/2024,Video,"14,933","8,845",112,44,68,2.53%,1.50%,,,
POST-60894,TikTok,08/20/2025,Reel,"81,936","52,909","2,978",740,"2,081",10.96%,7.08%,,,
POST-60895,Instagram,01/23/2025,Reel,"57,977","40,677","2,927",527,120,8.79%,6.16%,,,
POST-60896,Instagram,08/31/2024,Reel,"89,229","62,294","2,398",801,138,5.36%,3.74%,,,
POST-60897,LinkedIn,12/18/2025,Carousel,"4,496","2,387",67,40,17,5.19%,2.76%,,,
POST-60898,TikTok,12/24/2024,Reel,"114,649","40,915","4,905",627,"1,019",16.01%,5.71%,,,
POST-60899,Instagram,04/30/2025,Carousel,"57,763","39,016","2,813",376,121,8.48%,5.73%,,,
POST-60900,Twitter,02/10/2024,Text,"13,664","7,037",193,40,28,3.71%,1.91%,,,
POST-60901,Facebook,04/24/2025,Video,"64,115","40,522",595,676,"1,102",5.86%,3.70%,,,
POST-60902,TikTok,06/27/2024,Reel,"90,328","42,224","1,995","1,075","1,562",10.97%,5.13%,,,
POST-60903,Instagram,10/23/2024,Image,"35,571","26,417","1,163",337,87,6.01%,4.46%,,,
POST-60904,Instagram,08/27/2025,Image,"40,905","31,015","2,164",203,58,7.82%,5.93%,,,
POST-60905,Instagram,09/30/2024,Image,"28,847","16,971","1,078",73,164,7.75%,4.56%,,,
POST-60906,Facebook,07/24/2025,Text,"4,581","1,515",34,13,45,6.07%,2.01%,,,
POST-60907,TikTok,11/09/2024,Video,"231,187","120,922","6,396","3,163","3,519",10.82%,5.66%,,,
POST-60908,Instagram,04/19/2024,Image,"19,046","10,075",319,147,67,5.29%,2.80%,,,
POST-60909,Instagram,11/07/2025,Reel,"24,051","10,657",755,153,85,9.32%,4.13%,,,
POST-60910,Instagram,09/26/2024,Video,"72,929","38,930","1,482",471,84,5.23%,2.79%,,,
POST-60911,TikTok,07/03/2025,Reel,"53,676","37,463","1,490",282,"1,104",7.68%,5.36%,,,
POST-60912,Instagram,02/17/2025,Video,"71,115","34,108","1,168",322,214,5.00%,2.40%,,,
POST-60913,TikTok,11/16/2025,Reel,"37,114","21,005","2,220",571,995,18.02%,10.20%,,,
POST-60914,LinkedIn,09/24/2025,Text,"2,081",917,37,14,8,6.43%,2.84%,,,
POST-60915,Twitter,01/19/2024,Text,"1,845","1,615",38,3,8,3.03%,2.66%,,,
POST-60916,Twitter,09/20/2024,Image,"4,817","3,595",106,21,32,4.42%,3.30%,,,
POST-60917,TikTok,10/06/2024,Reel,"128,853","68,911","7,500",596,"1,685",14.19%,7.59%,,,
POST-60918,Instagram,03/21/2025,Reel,"57,654","26,522","1,262",79,132,5.55%,2.55%,,,
POST-60919,TikTok,01/21/2025,Reel,"47,053","21,925","2,027",225,"1,001",14.84%,6.91%,,,
POST-60920,TikTok,06/01/2024,Reel,"350,053","177,316","7,347","1,039","5,092",7.60%,3.85%,,,
POST-60921,TikTok,04/17/2025,Video,"129,192","60,725","2,190","1,267",758,6.94%,3.26%,,,
POST-60922,TikTok,11/11/2024,Reel,"289,201","117,343","8,320","2,383","1,721",10.59%,4.30%,,,
POST-60923,Facebook,05/06/2024,Video,"14,173","9,631",381,172,109,6.87%,4.67%,,,
POST-60924,Facebook,11/13/2025,Carousel,"47,814","18,972",249,259,340,4.47%,1.77%,,,
POST-60925,Instagram,03/02/2024,Reel,"1,353",957,72,12,8,9.61%,6.80%,,,
POST-60926,LinkedIn,11/11/2025,Text,"16,306","11,783",533,293,166,8.42%,6.08%,,,
POST-60927,Instagram,06/25/2025,Reel,"69,358","34,743",749,342,49,3.28%,1.64%,,,
POST-60928,Facebook,03/11/2025,Video,"39,610","15,900",721,100,172,6.25%,2.51%,,,
POST-60929,Instagram,05/08/2024,Reel,"47,145","34,797",806,193,185,3.40%,2.51%,,,
POST-60930,LinkedIn,03/19/2025,Text,"1,328",886,52,18,2,8.13%,5.42%,,,
POST-60931,Facebook,02/02/2025,Carousel,"44,711","29,695","1,326",363,565,7.59%,5.04%,,,
POST-60932,Facebook,11/11/2025,Carousel,"9,790","4,339",208,50,31,6.66%,2.95%,,,
POST-60933,Instagram,10/10/2025,Reel,"82,927","48,095","2,222",323,426,6.18%,3.58%,,,
POST-60934,Instagram,09/02/2025,Video,"68,786","52,234","2,949",388,204,6.78%,5.15%,,,
POST-60935,Instagram,11/20/2024,Video,"79,894","44,755","2,566",422,338,7.43%,4.16%,,,
POST-60936,TikTok,06/03/2024,Video,"373,146","195,558","12,870","1,644","4,133",9.54%,5.00%,,,
POST-60937,Facebook,03/29/2025,Text,"28,164","11,721",495,54,246,6.78%,2.82%,,,
POST-60938,LinkedIn,03/23/2024,Text,"4,663","2,579",57,29,20,4.11%,2.27%,,,
POST-60939,Instagram,03/01/2024,Video,"23,546","14,843",798,102,32,6.28%,3.96%,,,
POST-60940,Facebook,06/07/2024,Image,"9,924","6,406",92,42,147,4.39%,2.83%,,,
POST-60941,TikTok,11/13/2025,Video,"39,904","19,181","2,144",430,436,15.69%,7.54%,,,
POST-60942,Facebook,08/28/2024,Video,"22,877","9,782",128,195,169,5.03%,2.15%,,,
POST-60943,TikTok,07/16/2025,Video,"252,248","168,800","9,359","2,215","2,569",8.38%,5.61%,,,
POST-60944,Twitter,11/09/2024,Image,"16,226","13,962",281,89,44,2.97%,2.55%,,,
POST-60945,LinkedIn,05/11/2025,Text,"5,362","3,547",98,26,27,4.26%,2.82%,,,
POST-60946,Facebook,08/31/2025,Carousel,"43,568","28,301","1,119",376,362,6.56%,4.26%,,,
POST-60947,LinkedIn,03/22/2024,Video,"7,280","3,066",61,73,23,5.12%,2.16%,,,
POST-60948,Twitter,01/02/2025,Text,"10,413","8,906",137,39,24,2.25%,1.92%,,,
POST-60949,Instagram,03/23/2024,Video,"15,038","8,320",337,96,53,5.84%,3.23%,,,
POST-60950,TikTok,08/31/2025,Reel,"245,722","96,249","10,979","1,999","4,264",17.91%,7.02%,,,
POST-60951,Twitter,08/24/2024,Text,"11,451","5,857",49,26,61,2.32%,1.19%,,,
POST-60952,Facebook,10/25/2024,Image,"5,966","3,019",50,58,27,4.47%,2.26%,,,
POST-60953,LinkedIn,07/15/2025,Video,"47,465","37,269","1,872",551,334,7.40%,5.81%,,,
POST-60954,Twitter,10/10/2024,Video,746,392,6,0,3,2.30%,1.21%,,,
POST-60955,Instagram,04/21/2024,Reel,"49,179","19,677","1,531",57,42,8.28%,3.31%,,,
POST-60956,Facebook,05/24/2024,Text,"6,392","2,878",100,41,60,6.98%,3.14%,,,
POST-60957,LinkedIn,06/08/2024,Image,"13,214","9,289",463,159,137,8.17%,5.74%,,,
POST-60958,TikTok,03/06/2025,Video,"273,634","133,368","9,781","3,873","5,187",14.13%,6.89%,,,
POST-60959,Twitter,12/23/2024,Image,"7,961","6,392",73,7,101,2.83%,2.27%,,,
POST-60960,Instagram,01/06/2024,Video,"12,719","5,518",325,40,21,7.00%,3.03%,,,
POST-60961,Instagram,07/02/2024,Image,"21,544","13,950",297,111,107,3.69%,2.39%,,,
POST-60962,Instagram,10/16/2025,Video,"99,969","42,551","1,344",311,284,4.56%,1.94%,,,
POST-60963,TikTok,10/13/2024,Reel,"277,010","138,818","5,929","4,065","5,079",10.86%,5.44%,,,
POST-60964,Facebook,03/26/2025,Video,"14,165","9,162",147,94,176,4.55%,2.94%,,,
POST-60965,Instagram,05/16/2024,Video,"62,223","34,365","2,184",233,155,7.48%,4.13%,,,
POST-60966,TikTok,03/31/2025,Video,"376,541","148,247","17,640","4,413","5,267",18.43%,7.26%,,,
POST-60967,Facebook,01/05/2025,Image,"6,165","2,175",64,15,64,6.57%,2.32%,,,
POST-60968,Twitter,12/13/2024,Text,"23,521","20,054",160,111,185,2.27%,1.94%,,,
POST-60969,LinkedIn,05/18/2024,Carousel,"9,282","5,962",234,75,42,5.89%,3.78%,,,
POST-60970,Twitter,06/21/2025,Video,"26,423","15,975",282,23,257,3.52%,2.13%,,,
POST-60971,Twitter,10/27/2025,Image,"5,462","3,524",103,11,31,4.11%,2.65%,,,
POST-60972,Twitter,10/11/2025,Text,"9,373","6,591",156,10,98,4.01%,2.82%,,,
POST-60973,LinkedIn,12/26/2024,Video,"11,118","5,229",196,30,69,5.64%,2.65%,,,
POST-60974,Instagram,04/13/2025,Carousel,"20,217","8,590",355,91,84,6.17%,2.62%,,,
POST-60975,LinkedIn,09/16/2025,Carousel,"27,250","16,118",527,269,143,5.83%,3.45%,,,
POST-60976,LinkedIn,08/13/2024,Text,"11,600","4,905",284,73,34,7.97%,3.37%,,,
POST-60977,TikTok,08/13/2024,Video,"422,218","218,271","13,194","5,257","9,736",12.91%,6.68%,,,
POST-60978,Facebook,06/23/2025,Text,"7,766","2,559",118,48,75,9.42%,3.10%,,,
POST-60979,Instagram,12/18/2024,Carousel,"40,881","28,847",866,207,178,4.34%,3.06%,,,
POST-60980,LinkedIn,06/29/2024,Image,"14,948","8,117",414,163,36,7.55%,4.10%,,,
POST-60981,TikTok,04/15/2024,Video,"423,592","184,173","11,210","4,113","2,791",9.84%,4.28%,,,
POST-60982,Facebook,01/15/2025,Text,"25,434","17,008",433,75,442,5.59%,3.74%,,,
POST-60983,LinkedIn,04/21/2024,Carousel,"4,418","2,307",116,22,14,6.59%,3.44%,,,
POST-60984,Facebook,05/06/2024,Carousel,"2,777","1,342",66,5,25,7.15%,3.46%,,,
POST-60985,LinkedIn,03/21/2024,Text,"11,582","5,633",93,73,32,3.52%,1.71%,,,
POST-60986,Facebook,02/28/2025,Text,"5,501","3,359",75,27,56,4.70%,2.87%,,,
POST-60987,Twitter,05/07/2024,Text,"4,273","2,786",65,21,50,4.88%,3.18%,,,
POST-60988,LinkedIn,04/21/2024,Video,"22,423","17,363",539,246,144,5.35%,4.14%,,,
POST-60989,Facebook,08/25/2024,Carousel,"20,903","10,809",304,127,200,5.84%,3.02%,,,
POST-60990,Instagram,05/16/2025,Reel,"96,470","57,260","1,230",539,144,3.34%,1.98%,,,
POST-60991,Twitter,06/17/2025,Image,"14,054","9,988",217,41,62,3.20%,2.28%,,,
POST-60992,Twitter,01/25/2024,Text,"3,747","1,978",26,4,23,2.68%,1.41%,,,
POST-60993,Facebook,09/09/2024,Text,"10,380","4,344",131,71,37,5.50%,2.30%,,,
POST-60994,Twitter,10/24/2025,Text,"22,714","14,395",298,92,119,3.54%,2.24%,,,
POST-60995,Facebook,05/11/2024,Carousel,"26,648","9,105",204,127,107,4.81%,1.64%,,,
POST-60996,Instagram,03/23/2025,Image,"2,934","1,462",116,19,1,9.30%,4.64%,,,
POST-60997,Instagram,05/27/2025,Carousel,"84,023","35,548","2,015",347,74,6.85%,2.90%,,,
POST-60998,Facebook,09/06/2025,Text,"10,873","4,156",61,16,22,2.38%,0.91%,,,
POST-60999,Facebook,11/03/2024,Video,"2,959","1,258",17,10,28,4.37%,1.86%,,,
POST-61000,TikTok,03/01/2025,Reel,"132,006","59,268","4,064","1,000","2,514",12.79%,5.74%,,,